attitude,configuration,observable,figure,mismatch,resolution,x_px,y_px
fixed,monohull,ct,135,independent_pass_missing,excluded_conservatively_without_second_glyph_assignment,720.980,1312.930
fixed,monohull,ct,135,independent_pass_missing,excluded_conservatively_without_second_glyph_assignment,860.590,1316.240
fixed,monohull,ct,135,independent_pass_missing,excluded_conservatively_without_second_glyph_assignment,906.640,1314.160
fixed,monohull,ct,135,independent_pass_missing,excluded_conservatively_without_second_glyph_assignment,931.760,1287.620
fixed,monohull,ct,135,independent_pass_missing,excluded_conservatively_without_second_glyph_assignment,949.470,1257.240
fixed,monohull,ct,135,independent_pass_missing,excluded_conservatively_without_second_glyph_assignment,979.900,1238.910
fixed,monohull,ct,135,independent_pass_missing,excluded_conservatively_without_second_glyph_assignment,1000.120,1245.240
fixed,monohull,ct,135,independent_pass_missing,excluded_conservatively_without_second_glyph_assignment,1021.080,1254.460
fixed,monohull,ct,135,independent_pass_missing,excluded_conservatively_without_second_glyph_assignment,1047.490,1253.000
fixed,monohull,ct,135,independent_pass_missing,excluded_conservatively_without_second_glyph_assignment,1057.360,1271.500
fixed,monohull,ct,135,independent_pass_missing,excluded_conservatively_without_second_glyph_assignment,1071.350,1270.280
fixed,monohull,ct,135,independent_pass_missing,excluded_conservatively_without_second_glyph_assignment,1090.100,1256.980
fixed,monohull,ct,135,independent_pass_missing,excluded_conservatively_without_second_glyph_assignment,1117.220,1244.730
fixed,monohull,ct,135,independent_pass_missing,excluded_conservatively_without_second_glyph_assignment,1137.380,1216.750
fixed,monohull,cwp,136,independent_pass_missing,excluded_conservatively_without_second_glyph_assignment,601.000,3313.000
fixed,monohull,cwp,136,independent_pass_missing,excluded_conservatively_without_second_glyph_assignment,650.000,3313.000
fixed,monohull,cwp,136,independent_pass_missing,excluded_conservatively_without_second_glyph_assignment,682.000,3313.000
fixed,monohull,cwp,136,independent_pass_missing,excluded_conservatively_without_second_glyph_assignment,713.000,3304.000
fixed,monohull,cwp,136,pass_a_missing,accepted_pass_b_after_source_curve_recheck,929.561,3214.410
fixed,monohull,cwp,136,pass_a_missing,accepted_pass_b_after_source_curve_recheck,2103.685,3085.236
fixed,monohull,cwp,136,pass_a_missing,accepted_pass_b_after_source_curve_recheck,2199.349,3082.780
fixed,s_l_0_2,ct,137,independent_pass_missing,excluded_conservatively_without_second_glyph_assignment,713.000,1249.000
fixed,s_l_0_2,ct,137,independent_pass_missing,excluded_conservatively_without_second_glyph_assignment,803.110,1253.640
fixed,s_l_0_2,ct,137,independent_pass_missing,excluded_conservatively_without_second_glyph_assignment,811.290,1281.000
fixed,s_l_0_2,ct,137,independent_pass_missing,excluded_conservatively_without_second_glyph_assignment,859.620,1255.500
fixed,s_l_0_2,ct,137,independent_pass_missing,excluded_conservatively_without_second_glyph_assignment,883.700,1233.300
fixed,s_l_0_2,ct,137,independent_pass_missing,excluded_conservatively_without_second_glyph_assignment,907.120,1243.650
fixed,s_l_0_2,ct,137,independent_pass_missing,excluded_conservatively_without_second_glyph_assignment,908.630,1262.710
fixed,s_l_0_2,ct,137,independent_pass_missing,excluded_conservatively_without_second_glyph_assignment,920.480,1241.850
fixed,s_l_0_2,ct,137,independent_pass_missing,excluded_conservatively_without_second_glyph_assignment,935.360,1221.070
fixed,s_l_0_2,ct,137,pass_a_missing,accepted_pass_b_after_source_curve_recheck,954.890,1148.785
fixed,s_l_0_2,ct,137,independent_pass_missing,excluded_conservatively_without_second_glyph_assignment,963.710,1259.140
fixed,s_l_0_2,ct,137,independent_pass_missing,excluded_conservatively_without_second_glyph_assignment,1004.050,1041.360
fixed,s_l_0_2,ct,137,pass_a_missing,accepted_pass_b_after_source_curve_recheck,1086.539,1189.056
fixed,s_l_0_2,cwp,138,independent_pass_missing,excluded_conservatively_without_second_glyph_assignment,646.000,3303.000
fixed,s_l_0_2,cwp,138,independent_pass_missing,excluded_conservatively_without_second_glyph_assignment,704.000,3294.000
fixed,s_l_0_2,cwp,138,independent_pass_missing,excluded_conservatively_without_second_glyph_assignment,748.000,3285.000
fixed,s_l_0_2,cwp,138,independent_pass_missing,excluded_conservatively_without_second_glyph_assignment,799.000,3285.000
fixed,s_l_0_2,cwp,138,independent_pass_missing,excluded_conservatively_without_second_glyph_assignment,842.000,3235.000
fixed,s_l_0_2,cwp,138,independent_pass_missing,excluded_conservatively_without_second_glyph_assignment,863.000,3233.000
fixed,s_l_0_2,cwp,138,independent_pass_missing,excluded_conservatively_without_second_glyph_assignment,876.000,3249.000
fixed,s_l_0_2,cwp,138,independent_pass_missing,excluded_conservatively_without_second_glyph_assignment,899.000,3272.000
fixed,s_l_0_2,cwp,138,independent_pass_missing,excluded_conservatively_without_second_glyph_assignment,915.000,3247.000
fixed,s_l_0_2,cwp,138,independent_pass_missing,excluded_conservatively_without_second_glyph_assignment,929.000,3222.000
fixed,s_l_0_2,cwp,138,independent_pass_missing,excluded_conservatively_without_second_glyph_assignment,1001.000,3089.000
fixed,s_l_0_2,cwp,138,independent_pass_missing,excluded_conservatively_without_second_glyph_assignment,1009.000,3118.000
fixed,s_l_0_2,cwp,138,independent_pass_missing,excluded_conservatively_without_second_glyph_assignment,1122.000,3044.000
fixed,s_l_0_2,cwp,138,independent_pass_missing,excluded_conservatively_without_second_glyph_assignment,1139.000,2997.000
fixed,s_l_0_2,cwp,138,independent_pass_missing,excluded_conservatively_without_second_glyph_assignment,1147.000,2976.000
fixed,s_l_0_3,ct,139,independent_pass_missing,excluded_conservatively_without_second_glyph_assignment,667.850,1299.530
fixed,s_l_0_3,ct,139,independent_pass_missing,excluded_conservatively_without_second_glyph_assignment,683.120,1286.040
fixed,s_l_0_3,ct,139,independent_pass_missing,excluded_conservatively_without_second_glyph_assignment,754.170,1311.530
fixed,s_l_0_3,ct,139,independent_pass_missing,excluded_conservatively_without_second_glyph_assignment,764.050,1337.240
fixed,s_l_0_3,ct,139,independent_pass_missing,excluded_conservatively_without_second_glyph_assignment,799.230,1311.210
fixed,s_l_0_3,ct,139,independent_pass_missing,excluded_conservatively_without_second_glyph_assignment,855.430,1260.320
fixed,s_l_0_3,ct,139,independent_pass_missing,excluded_conservatively_without_second_glyph_assignment,909.100,1291.740
fixed,s_l_0_3,ct,139,pass_a_missing,accepted_pass_b_after_source_curve_recheck,920.676,1253.653
fixed,s_l_0_3,ct,139,independent_pass_missing,excluded_conservatively_without_second_glyph_assignment,1100.810,1292.800
fixed,s_l_0_3,ct,139,pass_a_missing,accepted_pass_b_after_source_curve_recheck,1111.565,1263.393
fixed,s_l_0_3,ct,139,pass_a_missing,accepted_pass_b_after_source_curve_recheck,1183.548,1032.851
fixed,s_l_0_3,ct,139,pass_a_missing,accepted_pass_b_after_source_curve_recheck,1250.757,869.644
fixed,s_l_0_3,ct,139,pass_a_missing,accepted_pass_b_after_source_curve_recheck,1415.804,872.747
fixed,s_l_0_3,cwp,140,independent_pass_missing,excluded_conservatively_without_second_glyph_assignment,681.000,3334.000
fixed,s_l_0_3,cwp,140,independent_pass_missing,excluded_conservatively_without_second_glyph_assignment,717.000,3332.000
fixed,s_l_0_3,cwp,140,independent_pass_missing,excluded_conservatively_without_second_glyph_assignment,866.000,3302.000
fixed,s_l_0_3,cwp,140,independent_pass_missing,excluded_conservatively_without_second_glyph_assignment,895.000,3285.000
fixed,s_l_0_3,cwp,140,independent_pass_missing,excluded_conservatively_without_second_glyph_assignment,904.000,3242.000
fixed,s_l_0_3,cwp,140,independent_pass_missing,excluded_conservatively_without_second_glyph_assignment,910.000,3221.000
fixed,s_l_0_3,cwp,140,independent_pass_missing,excluded_conservatively_without_second_glyph_assignment,922.000,3239.000
fixed,s_l_0_3,cwp,140,independent_pass_missing,excluded_conservatively_without_second_glyph_assignment,923.000,3189.000
fixed,s_l_0_3,cwp,140,independent_pass_missing,excluded_conservatively_without_second_glyph_assignment,941.000,3148.000
fixed,s_l_0_3,cwp,140,independent_pass_missing,excluded_conservatively_without_second_glyph_assignment,950.000,3175.000
fixed,s_l_0_3,cwp,140,pass_a_missing,accepted_pass_b_after_source_curve_recheck,1132.702,3177.445
fixed,s_l_0_4,ct,141,independent_pass_missing,excluded_conservatively_without_second_glyph_assignment,782.250,1291.330
fixed,s_l_0_4,ct,141,independent_pass_missing,excluded_conservatively_without_second_glyph_assignment,794.380,1293.200
fixed,s_l_0_4,ct,141,independent_pass_missing,excluded_conservatively_without_second_glyph_assignment,843.940,1257.220
fixed,s_l_0_4,ct,141,independent_pass_missing,excluded_conservatively_without_second_glyph_assignment,867.160,1286.530
fixed,s_l_0_4,ct,141,independent_pass_missing,excluded_conservatively_without_second_glyph_assignment,1037.540,1265.250
fixed,s_l_0_4,ct,141,independent_pass_missing,excluded_conservatively_without_second_glyph_assignment,1050.600,1255.590
fixed,s_l_0_4,ct,141,independent_pass_missing,excluded_conservatively_without_second_glyph_assignment,1221.760,951.020
fixed,s_l_0_4,ct,141,independent_pass_missing,excluded_conservatively_without_second_glyph_assignment,1290.960,883.640
fixed,s_l_0_4,ct,141,pass_a_missing,accepted_pass_b_after_source_curve_recheck,1351.996,879.715
fixed,s_l_0_4,ct,141,independent_pass_missing,excluded_conservatively_without_second_glyph_assignment,1420.640,900.420
fixed,s_l_0_4,cwp,142,independent_pass_missing,excluded_conservatively_without_second_glyph_assignment,606.000,3313.000
fixed,s_l_0_4,cwp,142,independent_pass_missing,excluded_conservatively_without_second_glyph_assignment,667.000,3313.000
fixed,s_l_0_4,cwp,142,pass_a_missing,accepted_pass_b_after_source_curve_recheck,779.439,3292.032
fixed,s_l_0_4,cwp,142,pass_a_missing,accepted_pass_b_after_source_curve_recheck,1896.958,3034.563
fixed,s_l_0_4,cwp,142,independent_pass_missing,excluded_conservatively_without_second_glyph_assignment,1916.000,3049.000
fixed,s_l_0_5,ct,143,independent_pass_missing,excluded_conservatively_without_second_glyph_assignment,711.540,1243.320
fixed,s_l_0_5,ct,143,independent_pass_missing,excluded_conservatively_without_second_glyph_assignment,721.670,1262.610
fixed,s_l_0_5,ct,143,independent_pass_missing,excluded_conservatively_without_second_glyph_assignment,743.670,1263.310
fixed,s_l_0_5,ct,143,independent_pass_missing,excluded_conservatively_without_second_glyph_assignment,760.200,1272.740
fixed,s_l_0_5,ct,143,pass_a_missing,accepted_pass_b_after_source_curve_recheck,1111.697,1137.681
fixed,s_l_0_5,cwp,144,independent_pass_missing,excluded_conservatively_without_second_glyph_assignment,620.000,3302.000
fixed,s_l_0_5,cwp,144,independent_pass_missing,excluded_conservatively_without_second_glyph_assignment,658.000,3302.000
fixed,s_l_0_5,cwp,144,pass_a_missing,accepted_pass_b_after_source_curve_recheck,1245.552,2922.930
fixed,s_l_0_5,cwp,144,pass_a_missing,accepted_pass_b_after_source_curve_recheck,2097.955,3025.216
free,monohull,ct,161,independent_pass_missing,excluded_conservatively_without_second_glyph_assignment,652.060,1202.780
free,monohull,ct,161,independent_pass_missing,excluded_conservatively_without_second_glyph_assignment,669.920,1237.680
free,monohull,ct,161,independent_pass_missing,excluded_conservatively_without_second_glyph_assignment,677.170,1249.460
free,monohull,ct,161,independent_pass_missing,excluded_conservatively_without_second_glyph_assignment,710.530,1225.180
free,monohull,ct,161,independent_pass_missing,excluded_conservatively_without_second_glyph_assignment,725.470,1247.900
free,monohull,ct,161,independent_pass_missing,excluded_conservatively_without_second_glyph_assignment,763.390,1224.800
free,monohull,ct,161,independent_pass_missing,excluded_conservatively_without_second_glyph_assignment,821.980,1214.470
free,monohull,ct,161,independent_pass_missing,excluded_conservatively_without_second_glyph_assignment,826.170,1255.560
free,monohull,ct,161,independent_pass_missing,excluded_conservatively_without_second_glyph_assignment,835.690,1223.580
free,monohull,ct,161,independent_pass_missing,excluded_conservatively_without_second_glyph_assignment,849.100,1233.000
free,monohull,ct,161,independent_pass_missing,excluded_conservatively_without_second_glyph_assignment,858.400,1254.460
free,monohull,ct,161,independent_pass_missing,excluded_conservatively_without_second_glyph_assignment,888.120,1240.070
free,monohull,ct,161,independent_pass_missing,excluded_conservatively_without_second_glyph_assignment,921.050,1194.950
free,monohull,ct,161,independent_pass_missing,excluded_conservatively_without_second_glyph_assignment,941.840,1190.400
free,monohull,ct,161,independent_pass_missing,excluded_conservatively_without_second_glyph_assignment,951.460,1160.660
free,monohull,ct,161,independent_pass_missing,excluded_conservatively_without_second_glyph_assignment,969.830,1163.570
free,monohull,ct,161,independent_pass_missing,excluded_conservatively_without_second_glyph_assignment,971.360,1144.900
free,monohull,ct,161,independent_pass_missing,excluded_conservatively_without_second_glyph_assignment,987.700,1156.760
free,monohull,ct,161,independent_pass_missing,excluded_conservatively_without_second_glyph_assignment,1021.910,1174.070
free,monohull,ct,161,independent_pass_missing,excluded_conservatively_without_second_glyph_assignment,1047.620,1167.960
free,monohull,ct,161,independent_pass_missing,excluded_conservatively_without_second_glyph_assignment,1076.640,1166.470
free,monohull,ct,161,independent_pass_missing,excluded_conservatively_without_second_glyph_assignment,1088.790,624.790
free,monohull,ct,161,independent_pass_missing,excluded_conservatively_without_second_glyph_assignment,1101.660,1145.920
free,monohull,ct,161,independent_pass_missing,excluded_conservatively_without_second_glyph_assignment,1118.560,628.550
free,monohull,ct,161,independent_pass_missing,excluded_conservatively_without_second_glyph_assignment,1123.580,1127.840
free,monohull,ct,161,independent_pass_missing,excluded_conservatively_without_second_glyph_assignment,1137.040,629.620
free,monohull,ct,161,independent_pass_missing,excluded_conservatively_without_second_glyph_assignment,1148.880,1108.810
free,monohull,ct,161,independent_pass_missing,excluded_conservatively_without_second_glyph_assignment,1231.490,904.330
free,monohull,ct,161,independent_pass_missing,excluded_conservatively_without_second_glyph_assignment,1241.340,855.930
free,monohull,ct,161,independent_pass_missing,excluded_conservatively_without_second_glyph_assignment,1266.230,876.780
free,monohull,ct,161,independent_pass_missing,excluded_conservatively_without_second_glyph_assignment,2323.470,1146.290
free,monohull,cwp,163,independent_pass_missing,excluded_conservatively_without_second_glyph_assignment,643.000,1521.000
free,monohull,cwp,163,independent_pass_missing,excluded_conservatively_without_second_glyph_assignment,701.000,1511.000
free,monohull,cwp,163,independent_pass_missing,excluded_conservatively_without_second_glyph_assignment,753.000,1504.000
free,monohull,cwp,163,independent_pass_missing,excluded_conservatively_without_second_glyph_assignment,792.000,1483.000
free,monohull,cwp,163,independent_pass_missing,excluded_conservatively_without_second_glyph_assignment,816.000,1468.000
free,monohull,cwp,163,independent_pass_missing,excluded_conservatively_without_second_glyph_assignment,839.000,1455.000
free,monohull,cwp,163,independent_pass_missing,excluded_conservatively_without_second_glyph_assignment,849.000,1474.000
free,monohull,cwp,163,independent_pass_missing,excluded_conservatively_without_second_glyph_assignment,872.000,1466.000
free,monohull,cwp,163,independent_pass_missing,excluded_conservatively_without_second_glyph_assignment,882.000,1439.000
free,monohull,cwp,163,independent_pass_missing,excluded_conservatively_without_second_glyph_assignment,930.000,1384.000
free,monohull,cwp,163,independent_pass_missing,excluded_conservatively_without_second_glyph_assignment,941.000,1365.000
free,monohull,cwp,163,independent_pass_missing,excluded_conservatively_without_second_glyph_assignment,963.000,1354.000
free,monohull,cwp,163,independent_pass_missing,excluded_conservatively_without_second_glyph_assignment,989.000,1335.000
free,monohull,cwp,163,independent_pass_missing,excluded_conservatively_without_second_glyph_assignment,992.000,1373.000
free,monohull,cwp,163,independent_pass_missing,excluded_conservatively_without_second_glyph_assignment,1015.000,1352.000
free,monohull,cwp,163,independent_pass_missing,excluded_conservatively_without_second_glyph_assignment,1046.000,1344.000
free,monohull,cwp,163,independent_pass_missing,excluded_conservatively_without_second_glyph_assignment,1068.000,1328.000
free,monohull,cwp,163,independent_pass_missing,excluded_conservatively_without_second_glyph_assignment,1103.000,1309.000
free,monohull,cwp,163,independent_pass_missing,excluded_conservatively_without_second_glyph_assignment,1139.000,1261.000
free,monohull,cwp,163,independent_pass_missing,excluded_conservatively_without_second_glyph_assignment,1163.000,1212.000
free,monohull,cwp,163,independent_pass_missing,excluded_conservatively_without_second_glyph_assignment,1189.000,1163.000
free,monohull,cwp,163,independent_pass_missing,excluded_conservatively_without_second_glyph_assignment,1221.000,1099.000
free,monohull,cwp,163,independent_pass_missing,excluded_conservatively_without_second_glyph_assignment,1223.000,1068.000
free,monohull,cwp,163,independent_pass_missing,excluded_conservatively_without_second_glyph_assignment,1232.000,1117.000
free,monohull,cwp,163,independent_pass_missing,excluded_conservatively_without_second_glyph_assignment,1248.000,1041.000
free,monohull,cwp,163,pass_a_missing,accepted_pass_b_after_source_curve_recheck,1327.647,878.474
free,monohull,cwp,163,pass_a_missing,accepted_pass_b_after_source_curve_recheck,1374.145,970.969
free,monohull,cwp,163,independent_pass_missing,excluded_conservatively_without_second_glyph_assignment,2312.000,1331.000
free,monohull,cwp,163,independent_pass_missing,excluded_conservatively_without_second_glyph_assignment,2313.000,1371.000
free,monohull,sinkage_over_draught,162,independent_pass_missing,excluded_conservatively_without_second_glyph_assignment,588.000,2884.000
free,monohull,sinkage_over_draught,162,independent_pass_missing,excluded_conservatively_without_second_glyph_assignment,591.000,2902.000
free,monohull,sinkage_over_draught,162,independent_pass_missing,excluded_conservatively_without_second_glyph_assignment,644.000,2871.000
free,monohull,sinkage_over_draught,162,independent_pass_missing,excluded_conservatively_without_second_glyph_assignment,653.000,2919.000
free,monohull,sinkage_over_draught,162,independent_pass_missing,excluded_conservatively_without_second_glyph_assignment,702.000,2871.000
free,monohull,sinkage_over_draught,162,independent_pass_missing,excluded_conservatively_without_second_glyph_assignment,704.000,2891.000
free,monohull,sinkage_over_draught,162,independent_pass_missing,excluded_conservatively_without_second_glyph_assignment,752.000,2867.000
free,monohull,sinkage_over_draught,162,independent_pass_missing,excluded_conservatively_without_second_glyph_assignment,758.000,2844.000
free,monohull,sinkage_over_draught,162,independent_pass_missing,excluded_conservatively_without_second_glyph_assignment,799.000,2878.000
free,monohull,sinkage_over_draught,162,independent_pass_missing,excluded_conservatively_without_second_glyph_assignment,817.000,2811.000
free,monohull,sinkage_over_draught,162,independent_pass_missing,excluded_conservatively_without_second_glyph_assignment,947.000,2784.000
free,monohull,sinkage_over_draught,162,independent_pass_missing,excluded_conservatively_without_second_glyph_assignment,983.000,2767.000
free,monohull,sinkage_over_draught,162,independent_pass_missing,excluded_conservatively_without_second_glyph_assignment,1042.000,2745.000
free,monohull,sinkage_over_draught,162,independent_pass_missing,excluded_conservatively_without_second_glyph_assignment,1046.000,2696.000
free,monohull,sinkage_over_draught,162,independent_pass_missing,excluded_conservatively_without_second_glyph_assignment,1108.000,2663.000
free,monohull,sinkage_over_draught,162,independent_pass_missing,excluded_conservatively_without_second_glyph_assignment,1167.000,2591.000
free,monohull,sinkage_over_draught,162,independent_pass_missing,excluded_conservatively_without_second_glyph_assignment,1236.000,2549.000
free,monohull,sinkage_over_draught,162,independent_pass_missing,excluded_conservatively_without_second_glyph_assignment,1286.000,2549.000
free,monohull,sinkage_over_draught,162,independent_pass_missing,excluded_conservatively_without_second_glyph_assignment,1305.000,2568.000
free,monohull,sinkage_over_draught,162,independent_pass_missing,excluded_conservatively_without_second_glyph_assignment,1354.000,2575.000
free,monohull,sinkage_over_draught,162,independent_pass_missing,excluded_conservatively_without_second_glyph_assignment,1397.000,2575.000
free,monohull,sinkage_over_draught,162,independent_pass_missing,excluded_conservatively_without_second_glyph_assignment,1399.000,2594.000
free,monohull,sinkage_over_draught,162,independent_pass_missing,excluded_conservatively_without_second_glyph_assignment,1475.000,2600.000
free,monohull,sinkage_over_draught,162,independent_pass_missing,excluded_conservatively_without_second_glyph_assignment,2315.000,2759.000
free,monohull,trim,162,independent_pass_missing,excluded_conservatively_without_second_glyph_assignment,1454.570,2583.290
free,monohull,trim,162,independent_pass_missing,excluded_conservatively_without_second_glyph_assignment,1472.240,2569.860
free,monohull,trim,162,independent_pass_missing,excluded_conservatively_without_second_glyph_assignment,2315.520,2452.170
free,s_l_0_2,ct,165,independent_pass_missing,excluded_conservatively_without_second_glyph_assignment,593.880,1231.120
free,s_l_0_2,ct,165,independent_pass_missing,excluded_conservatively_without_second_glyph_assignment,721.000,1232.360
free,s_l_0_2,ct,165,independent_pass_missing,excluded_conservatively_without_second_glyph_assignment,761.650,1265.150
free,s_l_0_2,ct,165,independent_pass_missing,excluded_conservatively_without_second_glyph_assignment,773.730,1271.620
free,s_l_0_2,ct,165,independent_pass_missing,excluded_conservatively_without_second_glyph_assignment,808.130,1273.220
free,s_l_0_2,ct,165,independent_pass_missing,excluded_conservatively_without_second_glyph_assignment,809.600,1259.460
free,s_l_0_2,ct,165,independent_pass_missing,excluded_conservatively_without_second_glyph_assignment,829.110,1246.680
free,s_l_0_2,ct,165,independent_pass_missing,excluded_conservatively_without_second_glyph_assignment,836.140,1190.760
free,s_l_0_2,ct,165,independent_pass_missing,excluded_conservatively_without_second_glyph_assignment,839.750,1174.220
free,s_l_0_2,ct,165,independent_pass_missing,excluded_conservatively_without_second_glyph_assignment,846.480,1226.000
free,s_l_0_2,ct,165,independent_pass_missing,excluded_conservatively_without_second_glyph_assignment,855.000,1186.540
free,s_l_0_2,ct,165,independent_pass_missing,excluded_conservatively_without_second_glyph_assignment,860.250,1166.600
free,s_l_0_2,ct,165,independent_pass_missing,excluded_conservatively_without_second_glyph_assignment,868.840,1184.160
free,s_l_0_2,ct,165,independent_pass_missing,excluded_conservatively_without_second_glyph_assignment,875.810,1232.390
free,s_l_0_2,ct,165,independent_pass_missing,excluded_conservatively_without_second_glyph_assignment,888.620,1238.100
free,s_l_0_2,ct,165,independent_pass_missing,excluded_conservatively_without_second_glyph_assignment,888.830,1255.540
free,s_l_0_2,ct,165,independent_pass_missing,excluded_conservatively_without_second_glyph_assignment,902.590,1257.260
free,s_l_0_2,ct,165,independent_pass_missing,excluded_conservatively_without_second_glyph_assignment,924.180,1215.650
free,s_l_0_2,ct,165,independent_pass_missing,excluded_conservatively_without_second_glyph_assignment,946.970,1188.190
free,s_l_0_2,ct,165,independent_pass_missing,excluded_conservatively_without_second_glyph_assignment,953.310,1160.000
free,s_l_0_2,ct,165,independent_pass_missing,excluded_conservatively_without_second_glyph_assignment,971.710,1053.780
free,s_l_0_2,ct,165,independent_pass_missing,excluded_conservatively_without_second_glyph_assignment,1001.580,1007.300
free,s_l_0_2,ct,165,independent_pass_missing,excluded_conservatively_without_second_glyph_assignment,1016.500,1213.200
free,s_l_0_2,ct,165,independent_pass_missing,excluded_conservatively_without_second_glyph_assignment,1017.500,1004.000
free,s_l_0_2,ct,165,independent_pass_missing,excluded_conservatively_without_second_glyph_assignment,1041.500,1073.710
free,s_l_0_2,ct,165,independent_pass_missing,excluded_conservatively_without_second_glyph_assignment,1060.450,1309.320
free,s_l_0_2,ct,165,independent_pass_missing,excluded_conservatively_without_second_glyph_assignment,1094.370,1160.260
free,s_l_0_2,ct,165,independent_pass_missing,excluded_conservatively_without_second_glyph_assignment,1098.050,684.920
free,s_l_0_2,ct,165,independent_pass_missing,excluded_conservatively_without_second_glyph_assignment,1126.280,1173.610
free,s_l_0_2,ct,165,independent_pass_missing,excluded_conservatively_without_second_glyph_assignment,1136.450,1122.530
free,s_l_0_2,ct,165,independent_pass_missing,excluded_conservatively_without_second_glyph_assignment,1145.400,1094.960
free,s_l_0_2,ct,165,independent_pass_missing,excluded_conservatively_without_second_glyph_assignment,1145.450,689.220
free,s_l_0_2,ct,165,independent_pass_missing,excluded_conservatively_without_second_glyph_assignment,1148.300,1054.280
free,s_l_0_2,ct,165,independent_pass_missing,excluded_conservatively_without_second_glyph_assignment,1162.640,1064.590
free,s_l_0_2,ct,165,pass_a_missing,accepted_pass_b_after_source_curve_recheck,1182.403,958.372
free,s_l_0_2,ct,165,pass_a_missing,accepted_pass_b_after_source_curve_recheck,1198.841,867.870
free,s_l_0_2,ct,165,pass_a_missing,accepted_pass_b_after_source_curve_recheck,1206.184,815.720
free,s_l_0_2,ct,165,pass_a_missing,accepted_pass_b_after_source_curve_recheck,1243.149,651.522
free,s_l_0_2,ct,165,pass_a_missing,accepted_pass_b_after_source_curve_recheck,1256.681,589.413
free,s_l_0_2,ct,165,pass_a_missing,accepted_pass_b_after_source_curve_recheck,1266.444,499.851
free,s_l_0_2,ct,165,independent_pass_missing,excluded_conservatively_without_second_glyph_assignment,1372.380,406.150
free,s_l_0_2,cwp,167,independent_pass_missing,excluded_conservatively_without_second_glyph_assignment,705.000,1500.000
free,s_l_0_2,cwp,167,independent_pass_missing,excluded_conservatively_without_second_glyph_assignment,826.000,1438.000
free,s_l_0_2,cwp,167,independent_pass_missing,excluded_conservatively_without_second_glyph_assignment,848.000,1418.000
free,s_l_0_2,cwp,167,independent_pass_missing,excluded_conservatively_without_second_glyph_assignment,887.000,1463.000
free,s_l_0_2,cwp,167,independent_pass_missing,excluded_conservatively_without_second_glyph_assignment,1008.000,1316.000
free,s_l_0_2,cwp,167,independent_pass_missing,excluded_conservatively_without_second_glyph_assignment,1082.000,1361.000
free,s_l_0_2,cwp,167,independent_pass_missing,excluded_conservatively_without_second_glyph_assignment,1100.000,1365.000
free,s_l_0_2,cwp,167,independent_pass_missing,excluded_conservatively_without_second_glyph_assignment,1133.000,1343.000
free,s_l_0_2,cwp,167,independent_pass_missing,excluded_conservatively_without_second_glyph_assignment,1150.000,1283.000
free,s_l_0_2,cwp,167,pass_a_missing,accepted_pass_b_after_source_curve_recheck,1217.114,1130.037
free,s_l_0_2,cwp,167,pass_a_missing,accepted_pass_b_after_source_curve_recheck,1238.176,1200.117
free,s_l_0_2,cwp,167,pass_a_missing,accepted_pass_b_after_source_curve_recheck,1261.848,1209.806
free,s_l_0_2,cwp,167,pass_a_missing,accepted_pass_b_after_source_curve_recheck,1285.476,1127.084
free,s_l_0_2,cwp,167,pass_a_missing,accepted_pass_b_after_source_curve_recheck,1306.509,1107.927
free,s_l_0_2,cwp,167,pass_a_missing,accepted_pass_b_after_source_curve_recheck,1354.192,1083.747
free,s_l_0_2,cwp,167,pass_a_missing,accepted_pass_b_after_source_curve_recheck,1396.310,1115.293
free,s_l_0_2,cwp,167,pass_a_missing,accepted_pass_b_after_source_curve_recheck,1517.500,1150.667
free,s_l_0_2,cwp,167,pass_a_missing,accepted_pass_b_after_source_curve_recheck,1572.455,1152.215
free,s_l_0_2,cwp,167,pass_a_missing,accepted_pass_b_after_source_curve_recheck,1630.310,1191.241
free,s_l_0_2,cwp,167,pass_a_missing,accepted_pass_b_after_source_curve_recheck,1749.143,1235.071
free,s_l_0_2,sinkage_over_draught,166,independent_pass_missing,excluded_conservatively_without_second_glyph_assignment,589.000,2954.000
free,s_l_0_2,sinkage_over_draught,166,pass_a_missing,accepted_pass_b_after_source_curve_recheck,696.944,2953.250
free,s_l_0_2,sinkage_over_draught,166,independent_pass_missing,excluded_conservatively_without_second_glyph_assignment,703.000,2915.000
free,s_l_0_2,sinkage_over_draught,166,independent_pass_missing,excluded_conservatively_without_second_glyph_assignment,749.000,2906.000
free,s_l_0_2,sinkage_over_draught,166,pass_a_missing,accepted_pass_b_after_source_curve_recheck,755.280,2946.833
free,s_l_0_2,sinkage_over_draught,166,independent_pass_missing,excluded_conservatively_without_second_glyph_assignment,757.000,2888.000
free,s_l_0_2,sinkage_over_draught,166,independent_pass_missing,excluded_conservatively_without_second_glyph_assignment,793.000,2887.000
free,s_l_0_2,sinkage_over_draught,166,independent_pass_missing,excluded_conservatively_without_second_glyph_assignment,814.000,2875.000
free,s_l_0_2,sinkage_over_draught,166,independent_pass_missing,excluded_conservatively_without_second_glyph_assignment,833.000,2869.000
free,s_l_0_2,sinkage_over_draught,166,independent_pass_missing,excluded_conservatively_without_second_glyph_assignment,862.000,2854.000
free,s_l_0_2,sinkage_over_draught,166,independent_pass_missing,excluded_conservatively_without_second_glyph_assignment,886.000,2822.000
free,s_l_0_2,sinkage_over_draught,166,independent_pass_missing,excluded_conservatively_without_second_glyph_assignment,909.000,2790.000
free,s_l_0_2,sinkage_over_draught,166,independent_pass_missing,excluded_conservatively_without_second_glyph_assignment,983.000,2754.000
free,s_l_0_2,sinkage_over_draught,166,independent_pass_missing,excluded_conservatively_without_second_glyph_assignment,1000.000,2708.000
free,s_l_0_2,sinkage_over_draught,166,independent_pass_missing,excluded_conservatively_without_second_glyph_assignment,1006.000,2735.000
free,s_l_0_2,sinkage_over_draught,166,pass_a_missing,accepted_pass_b_after_source_curve_recheck,1047.203,2687.519
free,s_l_0_2,sinkage_over_draught,166,pass_a_missing,accepted_pass_b_after_source_curve_recheck,1077.156,2636.931
free,s_l_0_2,sinkage_over_draught,166,pass_a_missing,accepted_pass_b_after_source_curve_recheck,1099.248,2594.944
free,s_l_0_2,sinkage_over_draught,166,independent_pass_missing,excluded_conservatively_without_second_glyph_assignment,1108.000,2557.000
free,s_l_0_2,sinkage_over_draught,166,independent_pass_missing,excluded_conservatively_without_second_glyph_assignment,1128.000,2499.000
free,s_l_0_2,sinkage_over_draught,166,independent_pass_missing,excluded_conservatively_without_second_glyph_assignment,1139.000,2483.000
free,s_l_0_2,sinkage_over_draught,166,pass_a_missing,accepted_pass_b_after_source_curve_recheck,1165.739,2427.869
free,s_l_0_2,sinkage_over_draught,166,independent_pass_missing,excluded_conservatively_without_second_glyph_assignment,1166.000,2465.000
free,s_l_0_2,sinkage_over_draught,166,independent_pass_missing,excluded_conservatively_without_second_glyph_assignment,1234.000,2390.000
free,s_l_0_2,sinkage_over_draught,166,independent_pass_missing,excluded_conservatively_without_second_glyph_assignment,1281.000,2385.000
free,s_l_0_2,sinkage_over_draught,166,independent_pass_missing,excluded_conservatively_without_second_glyph_assignment,1281.000,2404.000
free,s_l_0_2,sinkage_over_draught,166,independent_pass_missing,excluded_conservatively_without_second_glyph_assignment,1351.000,2454.000
free,s_l_0_2,sinkage_over_draught,166,independent_pass_missing,excluded_conservatively_without_second_glyph_assignment,1393.000,2540.000
free,s_l_0_2,sinkage_over_draught,166,independent_pass_missing,excluded_conservatively_without_second_glyph_assignment,1443.000,2591.000
free,s_l_0_2,trim,166,independent_pass_missing,excluded_conservatively_without_second_glyph_assignment,578.150,2984.760
free,s_l_0_2,trim,166,independent_pass_missing,excluded_conservatively_without_second_glyph_assignment,578.900,2966.550
free,s_l_0_2,trim,166,independent_pass_missing,excluded_conservatively_without_second_glyph_assignment,696.630,2952.700
free,s_l_0_2,trim,166,independent_pass_missing,excluded_conservatively_without_second_glyph_assignment,755.600,2946.960
free,s_l_0_2,trim,166,independent_pass_missing,excluded_conservatively_without_second_glyph_assignment,813.340,2949.990
free,s_l_0_2,trim,166,independent_pass_missing,excluded_conservatively_without_second_glyph_assignment,872.180,2971.720
free,s_l_0_2,trim,166,independent_pass_missing,excluded_conservatively_without_second_glyph_assignment,928.410,2942.520
free,s_l_0_2,trim,166,independent_pass_missing,excluded_conservatively_without_second_glyph_assignment,987.030,2947.890
free,s_l_0_2,trim,166,independent_pass_missing,excluded_conservatively_without_second_glyph_assignment,1046.920,2999.240
free,s_l_0_2,trim,166,independent_pass_missing,excluded_conservatively_without_second_glyph_assignment,1106.740,2935.120
free,s_l_0_2,trim,166,independent_pass_missing,excluded_conservatively_without_second_glyph_assignment,1107.530,2907.480
free,s_l_0_2,trim,166,independent_pass_missing,excluded_conservatively_without_second_glyph_assignment,1162.120,2788.880
free,s_l_0_2,trim,166,independent_pass_missing,excluded_conservatively_without_second_glyph_assignment,1386.450,2512.050
free,s_l_0_2,trim,166,independent_pass_missing,excluded_conservatively_without_second_glyph_assignment,1392.420,2494.700
free,s_l_0_3,ct,169,independent_pass_missing,excluded_conservatively_without_second_glyph_assignment,605.610,1221.550
free,s_l_0_3,ct,169,independent_pass_missing,excluded_conservatively_without_second_glyph_assignment,642.600,1225.490
free,s_l_0_3,ct,169,independent_pass_missing,excluded_conservatively_without_second_glyph_assignment,721.260,1212.480
free,s_l_0_3,ct,169,independent_pass_missing,excluded_conservatively_without_second_glyph_assignment,742.480,1235.730
free,s_l_0_3,ct,169,independent_pass_missing,excluded_conservatively_without_second_glyph_assignment,752.660,1217.860
free,s_l_0_3,ct,169,independent_pass_missing,excluded_conservatively_without_second_glyph_assignment,779.840,1240.010
free,s_l_0_3,ct,169,independent_pass_missing,excluded_conservatively_without_second_glyph_assignment,800.280,1248.870
free,s_l_0_3,ct,169,independent_pass_missing,excluded_conservatively_without_second_glyph_assignment,800.630,1230.570
free,s_l_0_3,ct,169,independent_pass_missing,excluded_conservatively_without_second_glyph_assignment,813.090,1267.340
free,s_l_0_3,ct,169,independent_pass_missing,excluded_conservatively_without_second_glyph_assignment,813.660,1248.610
free,s_l_0_3,ct,169,independent_pass_missing,excluded_conservatively_without_second_glyph_assignment,825.260,1210.330
free,s_l_0_3,ct,169,independent_pass_missing,excluded_conservatively_without_second_glyph_assignment,838.380,1207.550
free,s_l_0_3,ct,169,independent_pass_missing,excluded_conservatively_without_second_glyph_assignment,847.670,1190.640
free,s_l_0_3,ct,169,independent_pass_missing,excluded_conservatively_without_second_glyph_assignment,867.020,1203.280
free,s_l_0_3,ct,169,independent_pass_missing,excluded_conservatively_without_second_glyph_assignment,873.390,1227.210
free,s_l_0_3,ct,169,independent_pass_missing,excluded_conservatively_without_second_glyph_assignment,884.600,1220.530
free,s_l_0_3,ct,169,independent_pass_missing,excluded_conservatively_without_second_glyph_assignment,898.530,1228.350
free,s_l_0_3,ct,169,independent_pass_missing,excluded_conservatively_without_second_glyph_assignment,906.130,1274.190
free,s_l_0_3,ct,169,independent_pass_missing,excluded_conservatively_without_second_glyph_assignment,912.630,1205.410
free,s_l_0_3,ct,169,independent_pass_missing,excluded_conservatively_without_second_glyph_assignment,937.160,1166.160
free,s_l_0_3,ct,169,independent_pass_missing,excluded_conservatively_without_second_glyph_assignment,956.230,1105.420
free,s_l_0_3,ct,169,independent_pass_missing,excluded_conservatively_without_second_glyph_assignment,982.130,1062.870
free,s_l_0_3,ct,169,independent_pass_missing,excluded_conservatively_without_second_glyph_assignment,1003.670,1068.210
free,s_l_0_3,ct,169,independent_pass_missing,excluded_conservatively_without_second_glyph_assignment,1011.500,1085.500
free,s_l_0_3,ct,169,independent_pass_missing,excluded_conservatively_without_second_glyph_assignment,1011.640,1269.910
free,s_l_0_3,ct,169,independent_pass_missing,excluded_conservatively_without_second_glyph_assignment,1021.770,1100.540
free,s_l_0_3,ct,169,independent_pass_missing,excluded_conservatively_without_second_glyph_assignment,1047.530,1128.180
free,s_l_0_3,ct,169,independent_pass_missing,excluded_conservatively_without_second_glyph_assignment,1069.650,1196.140
free,s_l_0_3,ct,169,independent_pass_missing,excluded_conservatively_without_second_glyph_assignment,1069.990,1255.550
free,s_l_0_3,ct,169,independent_pass_missing,excluded_conservatively_without_second_glyph_assignment,1093.900,1204.750
free,s_l_0_3,ct,169,independent_pass_missing,excluded_conservatively_without_second_glyph_assignment,1102.840,642.440
free,s_l_0_3,ct,169,independent_pass_missing,excluded_conservatively_without_second_glyph_assignment,1126.200,1115.300
free,s_l_0_3,ct,169,independent_pass_missing,excluded_conservatively_without_second_glyph_assignment,1151.050,645.420
free,s_l_0_3,ct,169,independent_pass_missing,excluded_conservatively_without_second_glyph_assignment,1237.280,631.280
free,s_l_0_3,ct,169,pass_a_missing,accepted_pass_b_after_source_curve_recheck,1291.940,526.664
free,s_l_0_3,ct,169,pass_a_missing,accepted_pass_b_after_source_curve_recheck,1309.666,516.230
free,s_l_0_3,ct,169,independent_pass_missing,excluded_conservatively_without_second_glyph_assignment,1378.740,1187.370
free,s_l_0_3,ct,169,pass_a_missing,accepted_pass_b_after_source_curve_recheck,1653.702,892.450
free,s_l_0_3,ct,169,pass_a_missing,accepted_pass_b_after_source_curve_recheck,1799.981,1003.304
free,s_l_0_3,ct,169,independent_pass_missing,excluded_conservatively_without_second_glyph_assignment,2231.790,1095.870
free,s_l_0_3,ct,169,independent_pass_missing,excluded_conservatively_without_second_glyph_assignment,2349.320,1093.920
free,s_l_0_3,cwp,171,independent_pass_missing,excluded_conservatively_without_second_glyph_assignment,725.000,1521.000
free,s_l_0_3,cwp,171,independent_pass_missing,excluded_conservatively_without_second_glyph_assignment,760.000,1508.000
free,s_l_0_3,cwp,171,independent_pass_missing,excluded_conservatively_without_second_glyph_assignment,792.000,1485.000
free,s_l_0_3,cwp,171,independent_pass_missing,excluded_conservatively_without_second_glyph_assignment,823.000,1469.000
free,s_l_0_3,cwp,171,independent_pass_missing,excluded_conservatively_without_second_glyph_assignment,851.000,1479.000
free,s_l_0_3,cwp,171,independent_pass_missing,excluded_conservatively_without_second_glyph_assignment,872.000,1490.000
free,s_l_0_3,cwp,171,independent_pass_missing,excluded_conservatively_without_second_glyph_assignment,935.000,1378.000
free,s_l_0_3,cwp,171,independent_pass_missing,excluded_conservatively_without_second_glyph_assignment,981.000,1334.000
free,s_l_0_3,cwp,171,independent_pass_missing,excluded_conservatively_without_second_glyph_assignment,1002.000,1364.000
free,s_l_0_3,cwp,171,independent_pass_missing,excluded_conservatively_without_second_glyph_assignment,1026.000,1409.000
free,s_l_0_3,cwp,171,independent_pass_missing,excluded_conservatively_without_second_glyph_assignment,1080.000,1429.000
free,s_l_0_3,cwp,171,pass_a_missing,accepted_pass_b_after_source_curve_recheck,1287.573,824.056
free,s_l_0_3,cwp,171,pass_a_missing,accepted_pass_b_after_source_curve_recheck,1355.310,798.707
free,s_l_0_3,cwp,171,pass_a_missing,accepted_pass_b_after_source_curve_recheck,1423.399,869.197
free,s_l_0_3,cwp,171,pass_a_missing,accepted_pass_b_after_source_curve_recheck,1490.729,955.067
free,s_l_0_3,cwp,171,pass_a_missing,accepted_pass_b_after_source_curve_recheck,1587.612,1041.776
free,s_l_0_3,cwp,171,pass_a_missing,accepted_pass_b_after_source_curve_recheck,1943.189,1134.311
free,s_l_0_3,sinkage_over_draught,170,independent_pass_missing,excluded_conservatively_without_second_glyph_assignment,661.000,2868.000
free,s_l_0_3,sinkage_over_draught,170,independent_pass_missing,excluded_conservatively_without_second_glyph_assignment,724.000,2841.000
free,s_l_0_3,sinkage_over_draught,170,independent_pass_missing,excluded_conservatively_without_second_glyph_assignment,822.000,2786.000
free,s_l_0_3,sinkage_over_draught,170,pass_a_missing,accepted_pass_b_after_source_curve_recheck,848.214,2761.022
free,s_l_0_3,sinkage_over_draught,170,independent_pass_missing,excluded_conservatively_without_second_glyph_assignment,909.000,2739.000
free,s_l_0_3,sinkage_over_draught,170,independent_pass_missing,excluded_conservatively_without_second_glyph_assignment,950.000,2691.000
free,s_l_0_3,sinkage_over_draught,170,independent_pass_missing,excluded_conservatively_without_second_glyph_assignment,951.000,2710.000
free,s_l_0_3,sinkage_over_draught,170,independent_pass_missing,excluded_conservatively_without_second_glyph_assignment,1014.000,2664.000
free,s_l_0_3,sinkage_over_draught,170,independent_pass_missing,excluded_conservatively_without_second_glyph_assignment,1065.000,2610.000
free,s_l_0_3,sinkage_over_draught,170,independent_pass_missing,excluded_conservatively_without_second_glyph_assignment,1106.000,2529.000
free,s_l_0_3,sinkage_over_draught,170,independent_pass_missing,excluded_conservatively_without_second_glyph_assignment,1138.000,2491.000
free,s_l_0_3,sinkage_over_draught,170,independent_pass_missing,excluded_conservatively_without_second_glyph_assignment,1182.000,2445.000
free,s_l_0_3,sinkage_over_draught,170,independent_pass_missing,excluded_conservatively_without_second_glyph_assignment,1184.000,2427.000
free,s_l_0_3,sinkage_over_draught,170,independent_pass_missing,excluded_conservatively_without_second_glyph_assignment,1274.000,2413.000
free,s_l_0_3,sinkage_over_draught,170,pass_a_missing,accepted_pass_b_after_source_curve_recheck,1314.715,2417.618
free,s_l_0_3,sinkage_over_draught,170,pass_a_missing,accepted_pass_b_after_source_curve_recheck,1341.513,2443.812
free,s_l_0_3,sinkage_over_draught,170,independent_pass_missing,excluded_conservatively_without_second_glyph_assignment,1346.000,2507.000
free,s_l_0_3,sinkage_over_draught,170,independent_pass_missing,excluded_conservatively_without_second_glyph_assignment,1370.000,2507.000
free,s_l_0_3,sinkage_over_draught,170,independent_pass_missing,excluded_conservatively_without_second_glyph_assignment,1408.000,2511.000
free,s_l_0_3,sinkage_over_draught,170,independent_pass_missing,excluded_conservatively_without_second_glyph_assignment,1562.000,2662.000
free,s_l_0_3,sinkage_over_draught,170,independent_pass_missing,excluded_conservatively_without_second_glyph_assignment,1602.000,2697.000
free,s_l_0_3,sinkage_over_draught,170,independent_pass_missing,excluded_conservatively_without_second_glyph_assignment,1650.000,2683.000
free,s_l_0_3,sinkage_over_draught,170,independent_pass_missing,excluded_conservatively_without_second_glyph_assignment,2222.000,2962.000
free,s_l_0_3,sinkage_over_draught,170,independent_pass_missing,excluded_conservatively_without_second_glyph_assignment,2342.000,2969.000
free,s_l_0_3,trim,170,independent_pass_missing,excluded_conservatively_without_second_glyph_assignment,602.340,2906.790
free,s_l_0_3,trim,170,independent_pass_missing,excluded_conservatively_without_second_glyph_assignment,1123.550,2777.100
free,s_l_0_3,trim,170,independent_pass_missing,excluded_conservatively_without_second_glyph_assignment,1124.530,2801.350
free,s_l_0_3,trim,170,independent_pass_missing,excluded_conservatively_without_second_glyph_assignment,1171.240,2688.240
free,s_l_0_3,trim,170,independent_pass_missing,excluded_conservatively_without_second_glyph_assignment,1233.330,2596.370
free,s_l_0_3,trim,170,pass_a_missing,accepted_pass_b_after_source_curve_recheck,1404.710,2503.045
free,s_l_0_3,trim,170,independent_pass_missing,excluded_conservatively_without_second_glyph_assignment,1481.850,2531.950
free,s_l_0_3,trim,170,independent_pass_missing,excluded_conservatively_without_second_glyph_assignment,1482.500,2515.400
free,s_l_0_3,trim,170,independent_pass_missing,excluded_conservatively_without_second_glyph_assignment,2340.990,2422.260
free,s_l_0_4,ct,173,independent_pass_missing,excluded_conservatively_without_second_glyph_assignment,577.360,1104.650
free,s_l_0_4,ct,173,independent_pass_missing,excluded_conservatively_without_second_glyph_assignment,638.330,1107.130
free,s_l_0_4,ct,173,independent_pass_missing,excluded_conservatively_without_second_glyph_assignment,679.610,1140.220
free,s_l_0_4,ct,173,independent_pass_missing,excluded_conservatively_without_second_glyph_assignment,698.200,1131.750
free,s_l_0_4,ct,173,independent_pass_missing,excluded_conservatively_without_second_glyph_assignment,744.110,1137.900
free,s_l_0_4,ct,173,independent_pass_missing,excluded_conservatively_without_second_glyph_assignment,752.870,1159.510
free,s_l_0_4,ct,173,independent_pass_missing,excluded_conservatively_without_second_glyph_assignment,756.330,1178.700
free,s_l_0_4,ct,173,independent_pass_missing,excluded_conservatively_without_second_glyph_assignment,765.150,1151.060
free,s_l_0_4,ct,173,independent_pass_missing,excluded_conservatively_without_second_glyph_assignment,777.210,1169.340
free,s_l_0_4,ct,173,independent_pass_missing,excluded_conservatively_without_second_glyph_assignment,790.360,1124.360
free,s_l_0_4,ct,173,independent_pass_missing,excluded_conservatively_without_second_glyph_assignment,801.600,1104.070
free,s_l_0_4,ct,173,independent_pass_missing,excluded_conservatively_without_second_glyph_assignment,807.620,1175.690
free,s_l_0_4,ct,173,independent_pass_missing,excluded_conservatively_without_second_glyph_assignment,813.990,1119.340
free,s_l_0_4,ct,173,independent_pass_missing,excluded_conservatively_without_second_glyph_assignment,815.410,1099.620
free,s_l_0_4,ct,173,independent_pass_missing,excluded_conservatively_without_second_glyph_assignment,825.490,1125.200
free,s_l_0_4,ct,173,independent_pass_missing,excluded_conservatively_without_second_glyph_assignment,836.250,1146.620
free,s_l_0_4,ct,173,independent_pass_missing,excluded_conservatively_without_second_glyph_assignment,837.820,1129.250
free,s_l_0_4,ct,173,independent_pass_missing,excluded_conservatively_without_second_glyph_assignment,850.870,1141.900
free,s_l_0_4,ct,173,independent_pass_missing,excluded_conservatively_without_second_glyph_assignment,862.710,1126.510
free,s_l_0_4,ct,173,independent_pass_missing,excluded_conservatively_without_second_glyph_assignment,869.730,1143.630
free,s_l_0_4,ct,173,independent_pass_missing,excluded_conservatively_without_second_glyph_assignment,883.260,1069.020
free,s_l_0_4,ct,173,independent_pass_missing,excluded_conservatively_without_second_glyph_assignment,886.000,1086.330
free,s_l_0_4,ct,173,independent_pass_missing,excluded_conservatively_without_second_glyph_assignment,906.910,1041.270
free,s_l_0_4,ct,173,independent_pass_missing,excluded_conservatively_without_second_glyph_assignment,927.150,1002.970
free,s_l_0_4,ct,173,independent_pass_missing,excluded_conservatively_without_second_glyph_assignment,929.140,1020.580
free,s_l_0_4,ct,173,independent_pass_missing,excluded_conservatively_without_second_glyph_assignment,940.170,1001.540
free,s_l_0_4,ct,173,independent_pass_missing,excluded_conservatively_without_second_glyph_assignment,952.080,1021.830
free,s_l_0_4,ct,173,independent_pass_missing,excluded_conservatively_without_second_glyph_assignment,981.570,1060.940
free,s_l_0_4,ct,173,pass_a_missing,accepted_pass_b_after_source_curve_recheck,988.549,1180.576
free,s_l_0_4,ct,173,independent_pass_missing,excluded_conservatively_without_second_glyph_assignment,1005.370,1092.920
free,s_l_0_4,ct,173,independent_pass_missing,excluded_conservatively_without_second_glyph_assignment,1005.640,553.090
free,s_l_0_4,ct,173,pass_a_missing,accepted_pass_b_after_source_curve_recheck,1010.656,1174.612
free,s_l_0_4,ct,173,independent_pass_missing,excluded_conservatively_without_second_glyph_assignment,1042.880,1091.340
free,s_l_0_4,ct,173,pass_a_missing,accepted_pass_b_after_source_curve_recheck,1043.212,1188.738
free,s_l_0_4,ct,173,pass_a_missing,accepted_pass_b_after_source_curve_recheck,1057.554,1150.595
free,s_l_0_4,ct,173,independent_pass_missing,excluded_conservatively_without_second_glyph_assignment,1077.240,549.310
free,s_l_0_4,ct,173,independent_pass_missing,excluded_conservatively_without_second_glyph_assignment,1089.610,952.790
free,s_l_0_4,ct,173,pass_a_missing,accepted_pass_b_after_source_curve_recheck,1109.549,1094.126
free,s_l_0_4,ct,173,independent_pass_missing,excluded_conservatively_without_second_glyph_assignment,1124.970,553.030
free,s_l_0_4,ct,173,independent_pass_missing,excluded_conservatively_without_second_glyph_assignment,1335.600,582.950
free,s_l_0_4,ct,173,independent_pass_missing,excluded_conservatively_without_second_glyph_assignment,1391.590,626.490
free,s_l_0_4,ct,173,independent_pass_missing,excluded_conservatively_without_second_glyph_assignment,1392.780,601.770
free,s_l_0_4,ct,173,independent_pass_missing,excluded_conservatively_without_second_glyph_assignment,1468.800,698.230
free,s_l_0_4,ct,173,independent_pass_missing,excluded_conservatively_without_second_glyph_assignment,1545.770,765.190
free,s_l_0_4,ct,173,independent_pass_missing,excluded_conservatively_without_second_glyph_assignment,1720.430,859.720
free,s_l_0_4,ct,173,independent_pass_missing,excluded_conservatively_without_second_glyph_assignment,1794.880,895.390
free,s_l_0_4,ct,173,independent_pass_missing,excluded_conservatively_without_second_glyph_assignment,1857.760,942.000
free,s_l_0_4,ct,173,independent_pass_missing,excluded_conservatively_without_second_glyph_assignment,1969.350,974.990
free,s_l_0_4,ct,173,independent_pass_missing,excluded_conservatively_without_second_glyph_assignment,2069.710,982.870
free,s_l_0_4,ct,173,independent_pass_missing,excluded_conservatively_without_second_glyph_assignment,2085.120,1003.760
free,s_l_0_4,ct,173,independent_pass_missing,excluded_conservatively_without_second_glyph_assignment,2188.490,1015.980
free,s_l_0_4,ct,173,independent_pass_missing,excluded_conservatively_without_second_glyph_assignment,2324.660,1034.410
free,s_l_0_4,cwp,175,independent_pass_missing,excluded_conservatively_without_second_glyph_assignment,707.000,1497.000
free,s_l_0_4,cwp,175,independent_pass_missing,excluded_conservatively_without_second_glyph_assignment,752.000,1481.000
free,s_l_0_4,cwp,175,independent_pass_missing,excluded_conservatively_without_second_glyph_assignment,777.000,1487.000
free,s_l_0_4,cwp,175,independent_pass_missing,excluded_conservatively_without_second_glyph_assignment,797.000,1463.000
free,s_l_0_4,cwp,175,independent_pass_missing,excluded_conservatively_without_second_glyph_assignment,824.000,1443.000
free,s_l_0_4,cwp,175,independent_pass_missing,excluded_conservatively_without_second_glyph_assignment,848.000,1472.000
free,s_l_0_4,cwp,175,independent_pass_missing,excluded_conservatively_without_second_glyph_assignment,870.000,1472.000
free,s_l_0_4,cwp,175,independent_pass_missing,excluded_conservatively_without_second_glyph_assignment,891.000,1439.000
free,s_l_0_4,cwp,175,independent_pass_missing,excluded_conservatively_without_second_glyph_assignment,891.000,1477.000
free,s_l_0_4,cwp,175,independent_pass_missing,excluded_conservatively_without_second_glyph_assignment,912.000,1398.000
free,s_l_0_4,cwp,175,independent_pass_missing,excluded_conservatively_without_second_glyph_assignment,936.000,1378.000
free,s_l_0_4,cwp,175,independent_pass_missing,excluded_conservatively_without_second_glyph_assignment,959.000,1378.000
free,s_l_0_4,cwp,175,independent_pass_missing,excluded_conservatively_without_second_glyph_assignment,986.000,1394.000
free,s_l_0_4,cwp,175,independent_pass_missing,excluded_conservatively_without_second_glyph_assignment,1020.000,1432.000
free,s_l_0_4,cwp,175,independent_pass_missing,excluded_conservatively_without_second_glyph_assignment,1077.000,1382.000
free,s_l_0_4,cwp,175,independent_pass_missing,excluded_conservatively_without_second_glyph_assignment,1098.000,1358.000
free,s_l_0_4,cwp,175,independent_pass_missing,excluded_conservatively_without_second_glyph_assignment,1120.000,1299.000
free,s_l_0_4,cwp,175,independent_pass_missing,excluded_conservatively_without_second_glyph_assignment,1144.000,1269.000
free,s_l_0_4,cwp,175,independent_pass_missing,excluded_conservatively_without_second_glyph_assignment,1166.000,1203.000
free,s_l_0_4,cwp,175,independent_pass_missing,excluded_conservatively_without_second_glyph_assignment,1203.000,1102.000
free,s_l_0_4,cwp,175,pass_a_missing,accepted_pass_b_after_source_curve_recheck,1247.239,958.423
free,s_l_0_4,cwp,175,pass_a_missing,accepted_pass_b_after_source_curve_recheck,1276.405,856.115
free,s_l_0_4,cwp,175,pass_a_missing,accepted_pass_b_after_source_curve_recheck,1289.840,812.904
free,s_l_0_4,cwp,175,pass_a_missing,accepted_pass_b_after_source_curve_recheck,1308.175,773.887
free,s_l_0_4,cwp,175,pass_a_missing,accepted_pass_b_after_source_curve_recheck,1350.049,783.920
free,s_l_0_4,cwp,175,pass_a_missing,accepted_pass_b_after_source_curve_recheck,1382.731,817.880
free,s_l_0_4,cwp,175,pass_a_missing,accepted_pass_b_after_source_curve_recheck,1675.822,1042.668
free,s_l_0_4,sinkage_over_draught,174,independent_pass_missing,excluded_conservatively_without_second_glyph_assignment,575.000,2756.000
free,s_l_0_4,sinkage_over_draught,174,independent_pass_missing,excluded_conservatively_without_second_glyph_assignment,628.000,2724.000
free,s_l_0_4,sinkage_over_draught,174,independent_pass_missing,excluded_conservatively_without_second_glyph_assignment,738.000,2708.000
free,s_l_0_4,sinkage_over_draught,174,independent_pass_missing,excluded_conservatively_without_second_glyph_assignment,748.000,2693.000
free,s_l_0_4,sinkage_over_draught,174,independent_pass_missing,excluded_conservatively_without_second_glyph_assignment,819.000,2689.000
free,s_l_0_4,sinkage_over_draught,174,independent_pass_missing,excluded_conservatively_without_second_glyph_assignment,831.000,2675.000
free,s_l_0_4,sinkage_over_draught,174,independent_pass_missing,excluded_conservatively_without_second_glyph_assignment,879.000,2641.000
free,s_l_0_4,sinkage_over_draught,174,independent_pass_missing,excluded_conservatively_without_second_glyph_assignment,923.000,2618.000
free,s_l_0_4,sinkage_over_draught,174,independent_pass_missing,excluded_conservatively_without_second_glyph_assignment,975.000,2565.000
free,s_l_0_4,sinkage_over_draught,174,independent_pass_missing,excluded_conservatively_without_second_glyph_assignment,996.000,2552.000
free,s_l_0_4,sinkage_over_draught,174,independent_pass_missing,excluded_conservatively_without_second_glyph_assignment,1019.000,2513.000
free,s_l_0_4,sinkage_over_draught,174,independent_pass_missing,excluded_conservatively_without_second_glyph_assignment,1038.000,2505.000
free,s_l_0_4,sinkage_over_draught,174,independent_pass_missing,excluded_conservatively_without_second_glyph_assignment,1065.000,2450.000
free,s_l_0_4,sinkage_over_draught,174,independent_pass_missing,excluded_conservatively_without_second_glyph_assignment,1086.000,2415.000
free,s_l_0_4,sinkage_over_draught,174,independent_pass_missing,excluded_conservatively_without_second_glyph_assignment,1108.000,2389.000
free,s_l_0_4,sinkage_over_draught,174,independent_pass_missing,excluded_conservatively_without_second_glyph_assignment,1133.000,2354.000
free,s_l_0_4,sinkage_over_draught,174,independent_pass_missing,excluded_conservatively_without_second_glyph_assignment,1152.000,2377.000
free,s_l_0_4,sinkage_over_draught,174,independent_pass_missing,excluded_conservatively_without_second_glyph_assignment,1191.000,2337.000
free,s_l_0_4,sinkage_over_draught,174,independent_pass_missing,excluded_conservatively_without_second_glyph_assignment,1210.000,2348.000
free,s_l_0_4,sinkage_over_draught,174,independent_pass_missing,excluded_conservatively_without_second_glyph_assignment,1259.000,2338.000
free,s_l_0_4,sinkage_over_draught,174,independent_pass_missing,excluded_conservatively_without_second_glyph_assignment,1267.000,2364.000
free,s_l_0_4,sinkage_over_draught,174,independent_pass_missing,excluded_conservatively_without_second_glyph_assignment,1293.000,2362.000
free,s_l_0_4,sinkage_over_draught,174,independent_pass_missing,excluded_conservatively_without_second_glyph_assignment,1324.000,2388.000
free,s_l_0_4,sinkage_over_draught,174,independent_pass_missing,excluded_conservatively_without_second_glyph_assignment,1384.000,2428.000
free,s_l_0_4,sinkage_over_draught,174,independent_pass_missing,excluded_conservatively_without_second_glyph_assignment,1432.000,2446.000
free,s_l_0_4,sinkage_over_draught,174,independent_pass_missing,excluded_conservatively_without_second_glyph_assignment,1499.000,2507.000
free,s_l_0_4,sinkage_over_draught,174,independent_pass_missing,excluded_conservatively_without_second_glyph_assignment,1568.000,2538.000
free,s_l_0_4,sinkage_over_draught,174,independent_pass_missing,excluded_conservatively_without_second_glyph_assignment,1614.000,2562.000
free,s_l_0_4,sinkage_over_draught,174,independent_pass_missing,excluded_conservatively_without_second_glyph_assignment,1616.000,2534.000
free,s_l_0_4,sinkage_over_draught,174,independent_pass_missing,excluded_conservatively_without_second_glyph_assignment,1712.000,2529.000
free,s_l_0_4,sinkage_over_draught,174,independent_pass_missing,excluded_conservatively_without_second_glyph_assignment,1768.000,2579.000
free,s_l_0_4,sinkage_over_draught,174,pass_a_missing,accepted_pass_b_after_source_curve_recheck,1793.295,2540.832
free,s_l_0_4,sinkage_over_draught,174,independent_pass_missing,excluded_conservatively_without_second_glyph_assignment,1852.000,2586.000
free,s_l_0_4,sinkage_over_draught,174,independent_pass_missing,excluded_conservatively_without_second_glyph_assignment,1958.000,2633.000
free,s_l_0_4,sinkage_over_draught,174,pass_a_missing,accepted_pass_b_after_source_curve_recheck,1986.453,2683.523
free,s_l_0_4,sinkage_over_draught,174,independent_pass_missing,excluded_conservatively_without_second_glyph_assignment,2058.000,2679.000
free,s_l_0_4,sinkage_over_draught,174,independent_pass_missing,excluded_conservatively_without_second_glyph_assignment,2177.000,2769.000
free,s_l_0_4,sinkage_over_draught,174,independent_pass_missing,excluded_conservatively_without_second_glyph_assignment,2194.000,2791.000
free,s_l_0_4,sinkage_over_draught,174,independent_pass_missing,excluded_conservatively_without_second_glyph_assignment,2243.000,2778.000
free,s_l_0_4,sinkage_over_draught,174,independent_pass_missing,excluded_conservatively_without_second_glyph_assignment,2272.000,2817.000
free,s_l_0_4,sinkage_over_draught,174,independent_pass_missing,excluded_conservatively_without_second_glyph_assignment,2313.000,2808.000
free,s_l_0_4,trim,174,independent_pass_missing,excluded_conservatively_without_second_glyph_assignment,570.520,2770.370
free,s_l_0_4,trim,174,independent_pass_missing,excluded_conservatively_without_second_glyph_assignment,631.380,2749.710
free,s_l_0_4,trim,174,independent_pass_missing,excluded_conservatively_without_second_glyph_assignment,1095.310,2671.390
free,s_l_0_4,trim,174,pass_a_missing,accepted_pass_b_after_source_curve_recheck,1382.495,2425.525
free,s_l_0_4,trim,174,independent_pass_missing,excluded_conservatively_without_second_glyph_assignment,1693.590,2412.530
free,s_l_0_4,trim,174,independent_pass_missing,excluded_conservatively_without_second_glyph_assignment,2076.190,2357.730
free,s_l_0_4,trim,174,independent_pass_missing,excluded_conservatively_without_second_glyph_assignment,2314.960,2333.930
free,s_l_0_5,ct,177,independent_pass_missing,excluded_conservatively_without_second_glyph_assignment,580.140,1193.690
free,s_l_0_5,ct,177,independent_pass_missing,excluded_conservatively_without_second_glyph_assignment,638.140,1204.160
free,s_l_0_5,ct,177,independent_pass_missing,excluded_conservatively_without_second_glyph_assignment,643.360,1242.380
free,s_l_0_5,ct,177,independent_pass_missing,excluded_conservatively_without_second_glyph_assignment,694.930,1223.080
free,s_l_0_5,ct,177,independent_pass_missing,excluded_conservatively_without_second_glyph_assignment,702.140,1241.830
free,s_l_0_5,ct,177,independent_pass_missing,excluded_conservatively_without_second_glyph_assignment,743.900,1224.680
free,s_l_0_5,ct,177,independent_pass_missing,excluded_conservatively_without_second_glyph_assignment,756.880,1243.710
free,s_l_0_5,ct,177,independent_pass_missing,excluded_conservatively_without_second_glyph_assignment,791.890,1211.410
free,s_l_0_5,ct,177,independent_pass_missing,excluded_conservatively_without_second_glyph_assignment,816.110,1225.460
free,s_l_0_5,ct,177,independent_pass_missing,excluded_conservatively_without_second_glyph_assignment,818.080,1208.710
free,s_l_0_5,ct,177,independent_pass_missing,excluded_conservatively_without_second_glyph_assignment,836.660,1217.900
free,s_l_0_5,ct,177,independent_pass_missing,excluded_conservatively_without_second_glyph_assignment,861.430,1197.420
free,s_l_0_5,ct,177,independent_pass_missing,excluded_conservatively_without_second_glyph_assignment,874.930,1200.670
free,s_l_0_5,ct,177,independent_pass_missing,excluded_conservatively_without_second_glyph_assignment,977.150,1144.540
free,s_l_0_5,ct,177,independent_pass_missing,excluded_conservatively_without_second_glyph_assignment,1105.600,1007.340
free,s_l_0_5,ct,177,independent_pass_missing,excluded_conservatively_without_second_glyph_assignment,1118.640,982.950
free,s_l_0_5,ct,177,independent_pass_missing,excluded_conservatively_without_second_glyph_assignment,1162.040,863.500
free,s_l_0_5,ct,177,independent_pass_missing,excluded_conservatively_without_second_glyph_assignment,1201.050,779.970
free,s_l_0_5,ct,177,independent_pass_missing,excluded_conservatively_without_second_glyph_assignment,1337.250,727.640
free,s_l_0_5,ct,177,independent_pass_missing,excluded_conservatively_without_second_glyph_assignment,1355.000,1265.230
free,s_l_0_5,ct,177,independent_pass_missing,excluded_conservatively_without_second_glyph_assignment,1394.840,753.470
free,s_l_0_5,ct,177,independent_pass_missing,excluded_conservatively_without_second_glyph_assignment,1472.380,820.570
free,s_l_0_5,ct,177,independent_pass_missing,excluded_conservatively_without_second_glyph_assignment,1546.170,850.970
free,s_l_0_5,ct,177,independent_pass_missing,excluded_conservatively_without_second_glyph_assignment,1546.470,872.550
free,s_l_0_5,ct,177,independent_pass_missing,excluded_conservatively_without_second_glyph_assignment,1624.150,908.080
free,s_l_0_5,ct,177,independent_pass_missing,excluded_conservatively_without_second_glyph_assignment,1722.560,954.840
free,s_l_0_5,ct,177,independent_pass_missing,excluded_conservatively_without_second_glyph_assignment,1974.230,1054.360
free,s_l_0_5,ct,177,independent_pass_missing,excluded_conservatively_without_second_glyph_assignment,2325.600,1132.700
free,s_l_0_5,ct,177,independent_pass_missing,excluded_conservatively_without_second_glyph_assignment,2328.530,1112.080
free,s_l_0_5,cwp,179,independent_pass_missing,excluded_conservatively_without_second_glyph_assignment,646.000,1498.000
free,s_l_0_5,cwp,179,independent_pass_missing,excluded_conservatively_without_second_glyph_assignment,705.000,1496.000
free,s_l_0_5,cwp,179,independent_pass_missing,excluded_conservatively_without_second_glyph_assignment,753.000,1483.000
free,s_l_0_5,cwp,179,independent_pass_missing,excluded_conservatively_without_second_glyph_assignment,798.000,1455.000
free,s_l_0_5,cwp,179,independent_pass_missing,excluded_conservatively_without_second_glyph_assignment,823.000,1448.000
free,s_l_0_5,cwp,179,independent_pass_missing,excluded_conservatively_without_second_glyph_assignment,843.000,1453.000
free,s_l_0_5,cwp,179,independent_pass_missing,excluded_conservatively_without_second_glyph_assignment,868.000,1442.000
free,s_l_0_5,cwp,179,independent_pass_missing,excluded_conservatively_without_second_glyph_assignment,892.000,1411.000
free,s_l_0_5,cwp,179,independent_pass_missing,excluded_conservatively_without_second_glyph_assignment,920.000,1379.000
free,s_l_0_5,cwp,179,independent_pass_missing,excluded_conservatively_without_second_glyph_assignment,937.000,1369.000
free,s_l_0_5,cwp,179,independent_pass_missing,excluded_conservatively_without_second_glyph_assignment,964.000,1374.000
free,s_l_0_5,cwp,179,independent_pass_missing,excluded_conservatively_without_second_glyph_assignment,1011.000,1366.000
free,s_l_0_5,cwp,179,independent_pass_missing,excluded_conservatively_without_second_glyph_assignment,1032.000,1335.000
free,s_l_0_5,cwp,179,independent_pass_missing,excluded_conservatively_without_second_glyph_assignment,1053.000,1339.000
free,s_l_0_5,cwp,179,independent_pass_missing,excluded_conservatively_without_second_glyph_assignment,1080.000,1299.000
free,s_l_0_5,cwp,179,independent_pass_missing,excluded_conservatively_without_second_glyph_assignment,1102.000,1271.000
free,s_l_0_5,cwp,179,independent_pass_missing,excluded_conservatively_without_second_glyph_assignment,1123.000,1193.000
free,s_l_0_5,cwp,179,independent_pass_missing,excluded_conservatively_without_second_glyph_assignment,1146.000,1178.000
free,s_l_0_5,cwp,179,independent_pass_missing,excluded_conservatively_without_second_glyph_assignment,1171.000,1149.000
free,s_l_0_5,cwp,179,pass_a_missing,accepted_pass_b_after_source_curve_recheck,1206.931,1104.928
free,s_l_0_5,cwp,179,pass_a_missing,accepted_pass_b_after_source_curve_recheck,1241.753,1006.667
free,s_l_0_5,cwp,179,pass_a_missing,accepted_pass_b_after_source_curve_recheck,1278.575,926.367
free,s_l_0_5,cwp,179,pass_a_missing,accepted_pass_b_after_source_curve_recheck,1314.105,866.667
free,s_l_0_5,cwp,179,independent_pass_missing,excluded_conservatively_without_second_glyph_assignment,2335.000,1355.000
free,s_l_0_5,sinkage_over_draught,178,independent_pass_missing,excluded_conservatively_without_second_glyph_assignment,576.000,2834.000
free,s_l_0_5,sinkage_over_draught,178,independent_pass_missing,excluded_conservatively_without_second_glyph_assignment,693.000,2809.000
free,s_l_0_5,sinkage_over_draught,178,independent_pass_missing,excluded_conservatively_without_second_glyph_assignment,787.000,2773.000
free,s_l_0_5,sinkage_over_draught,178,independent_pass_missing,excluded_conservatively_without_second_glyph_assignment,832.000,2742.000
free,s_l_0_5,sinkage_over_draught,178,independent_pass_missing,excluded_conservatively_without_second_glyph_assignment,881.000,2729.000
free,s_l_0_5,sinkage_over_draught,178,independent_pass_missing,excluded_conservatively_without_second_glyph_assignment,907.000,2706.000
free,s_l_0_5,sinkage_over_draught,178,independent_pass_missing,excluded_conservatively_without_second_glyph_assignment,972.000,2672.000
free,s_l_0_5,sinkage_over_draught,178,independent_pass_missing,excluded_conservatively_without_second_glyph_assignment,999.000,2636.000
free,s_l_0_5,sinkage_over_draught,178,independent_pass_missing,excluded_conservatively_without_second_glyph_assignment,1045.000,2597.000
free,s_l_0_5,sinkage_over_draught,178,independent_pass_missing,excluded_conservatively_without_second_glyph_assignment,1068.000,2555.000
free,s_l_0_5,sinkage_over_draught,178,independent_pass_missing,excluded_conservatively_without_second_glyph_assignment,1093.000,2520.000
free,s_l_0_5,sinkage_over_draught,178,independent_pass_missing,excluded_conservatively_without_second_glyph_assignment,1298.000,2459.000
free,s_l_0_5,sinkage_over_draught,178,independent_pass_missing,excluded_conservatively_without_second_glyph_assignment,1328.000,2454.000
free,s_l_0_5,sinkage_over_draught,178,independent_pass_missing,excluded_conservatively_without_second_glyph_assignment,1538.000,2553.000
free,s_l_0_5,sinkage_over_draught,178,independent_pass_missing,excluded_conservatively_without_second_glyph_assignment,1572.000,2605.000
free,s_l_0_5,sinkage_over_draught,178,independent_pass_missing,excluded_conservatively_without_second_glyph_assignment,1644.000,2622.000
free,s_l_0_5,sinkage_over_draught,178,independent_pass_missing,excluded_conservatively_without_second_glyph_assignment,1734.000,2613.000
free,s_l_0_5,sinkage_over_draught,178,independent_pass_missing,excluded_conservatively_without_second_glyph_assignment,1771.000,2606.000
free,s_l_0_5,sinkage_over_draught,178,independent_pass_missing,excluded_conservatively_without_second_glyph_assignment,1946.000,2682.000
free,s_l_0_5,sinkage_over_draught,178,independent_pass_missing,excluded_conservatively_without_second_glyph_assignment,1966.000,2703.000
free,s_l_0_5,sinkage_over_draught,178,independent_pass_missing,excluded_conservatively_without_second_glyph_assignment,2112.000,2780.000
free,s_l_0_5,sinkage_over_draught,178,independent_pass_missing,excluded_conservatively_without_second_glyph_assignment,2199.000,2818.000
free,s_l_0_5,sinkage_over_draught,178,independent_pass_missing,excluded_conservatively_without_second_glyph_assignment,2315.000,2846.000
free,s_l_0_5,sinkage_over_draught,178,independent_pass_missing,excluded_conservatively_without_second_glyph_assignment,2318.000,2815.000
free,s_l_0_5,trim,178,independent_pass_missing,excluded_conservatively_without_second_glyph_assignment,572.540,2861.630
free,s_l_0_5,trim,178,independent_pass_missing,excluded_conservatively_without_second_glyph_assignment,867.120,2854.040
free,s_l_0_5,trim,178,independent_pass_missing,excluded_conservatively_without_second_glyph_assignment,925.900,2871.670
free,s_l_0_5,trim,178,independent_pass_missing,excluded_conservatively_without_second_glyph_assignment,983.330,2892.250
free,s_l_0_5,trim,178,independent_pass_missing,excluded_conservatively_without_second_glyph_assignment,1041.980,2852.220
free,s_l_0_5,trim,178,independent_pass_missing,excluded_conservatively_without_second_glyph_assignment,1043.190,2838.240
free,s_l_0_5,trim,178,independent_pass_missing,excluded_conservatively_without_second_glyph_assignment,1098.140,2757.190
free,s_l_0_5,trim,178,independent_pass_missing,excluded_conservatively_without_second_glyph_assignment,1098.880,2785.040
free,s_l_0_5,trim,178,independent_pass_missing,excluded_conservatively_without_second_glyph_assignment,1386.520,2527.120
free,s_l_0_5,trim,178,independent_pass_missing,excluded_conservatively_without_second_glyph_assignment,1462.470,2547.690
free,s_l_0_5,trim,178,independent_pass_missing,excluded_conservatively_without_second_glyph_assignment,1537.790,2531.450
free,s_l_0_5,trim,178,independent_pass_missing,excluded_conservatively_without_second_glyph_assignment,1538.180,2509.010
free,s_l_0_5,trim,178,pass_a_missing,accepted_pass_b_after_source_curve_recheck,1695.464,2552.219
free,s_l_0_5,trim,178,independent_pass_missing,excluded_conservatively_without_second_glyph_assignment,1734.950,2493.230
free,s_l_0_5,trim,178,independent_pass_missing,excluded_conservatively_without_second_glyph_assignment,1735.180,2474.250
free,s_l_0_5,trim,178,pass_a_missing,accepted_pass_b_after_source_curve_recheck,1771.516,2537.094
free,s_l_0_5,trim,178,independent_pass_missing,excluded_conservatively_without_second_glyph_assignment,1849.250,2509.270
free,s_l_0_5,trim,178,pass_a_missing,accepted_pass_b_after_source_curve_recheck,2083.232,2490.202
free,s_l_0_5,trim,178,independent_pass_missing,excluded_conservatively_without_second_glyph_assignment,2316.830,2419.410
free,s_l_0_5,trim,178,independent_pass_missing,excluded_conservatively_without_second_glyph_assignment,2317.450,2452.320
