configuration	figure	render_page	printed_page	series	pixel_x	pixel_y	Fn	sinkage_over_draught	uncertainty_Fn	uncertainty_sinkage_over_draught	quality
C2-free-monohull	162	268	258	sinkage_over_draught	604.783	2864.568	0.138776	0.0146689	0.002	0.002	marker_center_clear_or_partly_curve_overlapped
C2-free-monohull	162	268	258	sinkage_over_draught	645.865	2886.881	0.158495	0.0093983	0.002	0.002	marker_center_clear_or_partly_curve_overlapped
C2-free-monohull	162	268	258	sinkage_over_draught	713.534	2856.956	0.190976	0.0164671	0.002	0.002	marker_center_clear_or_partly_curve_overlapped
C2-free-monohull	162	268	258	sinkage_over_draught	796.952	2845.344	0.231017	0.0192101	0.002	0.002	marker_center_clear_or_partly_curve_overlapped
C2-free-monohull	162	268	258	sinkage_over_draught	827.088	2822.121	0.245482	0.0246959	0.002	0.002	marker_center_clear_or_partly_curve_overlapped
C2-free-monohull	162	268	258	sinkage_over_draught	828.137	2861.159	0.245986	0.0154742	0.002	0.002	marker_center_clear_or_partly_curve_overlapped
C2-free-monohull	162	268	258	sinkage_over_draught	842.465	2821.195	0.252863	0.0249145	0.002	0.002	marker_center_clear_or_partly_curve_overlapped
C2-free-monohull	162	268	258	sinkage_over_draught	857.962	2793.236	0.260302	0.0315190	0.002	0.002	marker_center_clear_or_partly_curve_overlapped
C2-free-monohull	162	268	258	sinkage_over_draught	880.432	2800.097	0.271087	0.0298983	0.002	0.002	marker_center_clear_or_partly_curve_overlapped
C2-free-monohull	162	268	258	sinkage_over_draught	915.555	2787.663	0.287946	0.0328355	0.002	0.002	marker_center_clear_or_partly_curve_overlapped
C2-free-monohull	162	268	258	sinkage_over_draught	939.854	2776.920	0.299610	0.0353732	0.002	0.002	marker_center_clear_or_partly_curve_overlapped
C2-free-monohull	162	268	258	sinkage_over_draught	966.538	2730.979	0.312418	0.0462255	0.002	0.002	marker_center_clear_or_partly_curve_overlapped
C2-free-monohull	162	268	258	sinkage_over_draught	995.138	2706.926	0.326146	0.0519073	0.002	0.002	marker_center_clear_or_partly_curve_overlapped
C2-free-monohull	162	268	258	sinkage_over_draught	997.468	2742.238	0.327265	0.0435659	0.002	0.002	marker_center_clear_or_partly_curve_overlapped
C2-free-monohull	162	268	258	sinkage_over_draught	1028.834	2750.914	0.342321	0.0415164	0.002	0.002	marker_center_clear_or_partly_curve_overlapped
C2-free-monohull	162	268	258	sinkage_over_draught	1047.325	2706.989	0.351196	0.0518924	0.002	0.002	marker_center_clear_or_partly_curve_overlapped
C2-free-monohull	162	268	258	sinkage_over_draught	1069.443	2673.109	0.361812	0.0598955	0.002	0.002	marker_center_clear_or_partly_curve_overlapped
C2-free-monohull	162	268	258	sinkage_over_draught	1100.117	2652.074	0.376536	0.0648645	0.002	0.002	marker_center_clear_or_partly_curve_overlapped
C2-free-monohull	162	268	258	sinkage_over_draught	1116.973	2624.991	0.384627	0.0712619	0.002	0.002	marker_center_clear_or_partly_curve_overlapped
C2-free-monohull	162	268	258	sinkage_over_draught	1140.944	2608.694	0.396133	0.0751116	0.002	0.002	marker_center_clear_or_partly_curve_overlapped
C2-free-monohull	162	268	258	sinkage_over_draught	1151.458	2604.357	0.401180	0.0761361	0.002	0.002	marker_center_clear_or_partly_curve_overlapped
C2-free-monohull	162	268	258	sinkage_over_draught	1191.878	2561.409	0.420581	0.0862813	0.002	0.002	marker_center_clear_or_partly_curve_overlapped
C2-free-monohull	162	268	258	sinkage_over_draught	1222.890	2548.209	0.435467	0.0893995	0.002	0.002	marker_center_clear_or_partly_curve_overlapped
C2-free-monohull	162	268	258	sinkage_over_draught	1224.632	2585.634	0.436304	0.0805589	0.002	0.002	marker_center_clear_or_partly_curve_overlapped
C2-free-monohull	162	268	258	sinkage_over_draught	1256.312	2577.755	0.451510	0.0824201	0.002	0.002	marker_center_clear_or_partly_curve_overlapped
C2-free-monohull	162	268	258	sinkage_over_draught	1327.984	2543.826	0.485912	0.0904348	0.002	0.002	marker_center_clear_or_partly_curve_overlapped
C2-free-monohull	162	268	258	sinkage_over_draught	1342.538	2560.641	0.492898	0.0864628	0.002	0.002	marker_center_clear_or_partly_curve_overlapped
C2-free-monohull	162	268	258	sinkage_over_draught	1374.770	2553.516	0.508370	0.0881458	0.002	0.002	marker_center_clear_or_partly_curve_overlapped
C2-free-monohull	162	268	258	sinkage_over_draught	1413.844	2569.961	0.527125	0.0842611	0.002	0.002	marker_center_clear_or_partly_curve_overlapped
C2-free-monohull	162	268	258	sinkage_over_draught	1460.495	2586.082	0.549517	0.0804531	0.002	0.002	marker_center_clear_or_partly_curve_overlapped
C2-free-monohull	162	268	258	sinkage_over_draught	1515.881	2627.454	0.576103	0.0706801	0.002	0.002	marker_center_clear_or_partly_curve_overlapped
C2-free-monohull	162	268	258	sinkage_over_draught	1552.713	2623.324	0.593782	0.0716557	0.002	0.002	marker_center_clear_or_partly_curve_overlapped
C2-free-monohull	162	268	258	sinkage_over_draught	1584.793	2631.151	0.609180	0.0698067	0.002	0.002	marker_center_clear_or_partly_curve_overlapped
C2-free-monohull	162	268	258	sinkage_over_draught	1629.052	2645.334	0.630425	0.0664564	0.002	0.002	marker_center_clear_or_partly_curve_overlapped
C2-free-monohull	162	268	258	sinkage_over_draught	1680.269	2662.370	0.655009	0.0624322	0.002	0.002	marker_center_clear_or_partly_curve_overlapped
C2-free-monohull	162	268	258	sinkage_over_draught	1749.637	2677.494	0.688306	0.0588596	0.002	0.002	marker_center_clear_or_partly_curve_overlapped
C2-free-monohull	162	268	258	sinkage_over_draught	1859.733	2687.098	0.741152	0.0565910	0.002	0.002	marker_center_clear_or_partly_curve_overlapped
C2-free-monohull	162	268	258	sinkage_over_draught	1975.433	2717.702	0.796688	0.0493618	0.002	0.002	marker_center_clear_or_partly_curve_overlapped
C2-free-monohull	162	268	258	sinkage_over_draught	2093.274	2735.485	0.853252	0.0451611	0.002	0.002	marker_center_clear_or_partly_curve_overlapped
C2-free-monohull	162	268	258	sinkage_over_draught	2212.425	2741.734	0.910444	0.0436849	0.002	0.002	marker_center_clear_or_partly_curve_overlapped
C2-free-SL0.2	166	270	260	sinkage_over_draught	696.944	2953.250	0.183716	0.0096743	0.002	0.002	marker_center_clear_or_partly_curve_overlapped
C2-free-SL0.2	166	270	260	sinkage_over_draught	755.280	2946.833	0.211792	0.0111852	0.002	0.002	marker_center_clear_or_partly_curve_overlapped
C2-free-SL0.2	166	270	260	sinkage_over_draught	823.835	2863.549	0.244787	0.0307970	0.002	0.002	marker_center_clear_or_partly_curve_overlapped
C2-free-SL0.2	166	270	260	sinkage_over_draught	846.310	2850.738	0.255604	0.0338137	0.002	0.002	marker_center_clear_or_partly_curve_overlapped
C2-free-SL0.2	166	270	260	sinkage_over_draught	859.163	2829.243	0.261790	0.0388753	0.002	0.002	marker_center_clear_or_partly_curve_overlapped
C2-free-SL0.2	166	270	260	sinkage_over_draught	877.249	2828.858	0.270494	0.0389658	0.002	0.002	marker_center_clear_or_partly_curve_overlapped
C2-free-SL0.2	166	270	260	sinkage_over_draught	925.694	2785.368	0.293810	0.0492070	0.002	0.002	marker_center_clear_or_partly_curve_overlapped
C2-free-SL0.2	166	270	260	sinkage_over_draught	967.551	2746.271	0.313955	0.0584135	0.002	0.002	marker_center_clear_or_partly_curve_overlapped
C2-free-SL0.2	166	270	260	sinkage_over_draught	997.408	2728.275	0.328325	0.0626511	0.002	0.002	marker_center_clear_or_partly_curve_overlapped
C2-free-SL0.2	166	270	260	sinkage_over_draught	1024.529	2704.862	0.341377	0.0681644	0.002	0.002	marker_center_clear_or_partly_curve_overlapped
C2-free-SL0.2	166	270	260	sinkage_over_draught	1047.203	2687.519	0.352290	0.0722483	0.002	0.002	marker_center_clear_or_partly_curve_overlapped
C2-free-SL0.2	166	270	260	sinkage_over_draught	1051.366	2651.785	0.354294	0.0806629	0.002	0.002	marker_center_clear_or_partly_curve_overlapped
C2-free-SL0.2	166	270	260	sinkage_over_draught	1077.156	2636.931	0.366706	0.0841607	0.002	0.002	marker_center_clear_or_partly_curve_overlapped
C2-free-SL0.2	166	270	260	sinkage_over_draught	1092.325	2569.156	0.374007	0.1001203	0.002	0.002	marker_center_clear_or_partly_curve_overlapped
C2-free-SL0.2	166	270	260	sinkage_over_draught	1099.248	2594.944	0.377339	0.0940478	0.002	0.002	marker_center_clear_or_partly_curve_overlapped
C2-free-SL0.2	166	270	260	sinkage_over_draught	1113.324	2545.957	0.384113	0.1055831	0.002	0.002	marker_center_clear_or_partly_curve_overlapped
C2-free-SL0.2	166	270	260	sinkage_over_draught	1137.868	2495.155	0.395926	0.1175459	0.002	0.002	marker_center_clear_or_partly_curve_overlapped
C2-free-SL0.2	166	270	260	sinkage_over_draught	1165.117	2449.536	0.409040	0.1282882	0.002	0.002	marker_center_clear_or_partly_curve_overlapped
C2-free-SL0.2	166	270	260	sinkage_over_draught	1165.739	2427.869	0.409340	0.1333902	0.002	0.002	marker_center_clear_or_partly_curve_overlapped
C2-free-SL0.2	166	270	260	sinkage_over_draught	1223.719	2387.951	0.437245	0.1427902	0.002	0.002	marker_center_clear_or_partly_curve_overlapped
C2-free-SL0.2	166	270	260	sinkage_over_draught	1249.553	2388.165	0.449678	0.1427398	0.002	0.002	marker_center_clear_or_partly_curve_overlapped
C2-free-SL0.2	166	270	260	sinkage_over_draught	1294.863	2392.079	0.471485	0.1418181	0.002	0.002	marker_center_clear_or_partly_curve_overlapped
C2-free-SL0.2	166	270	260	sinkage_over_draught	1323.320	2418.989	0.485181	0.1354814	0.002	0.002	marker_center_clear_or_partly_curve_overlapped
C2-free-SL0.2	166	270	260	sinkage_over_draught	1343.383	2460.280	0.494837	0.1257581	0.002	0.002	marker_center_clear_or_partly_curve_overlapped
C2-free-SL0.2	166	270	260	sinkage_over_draught	1385.397	2503.397	0.515057	0.1156050	0.002	0.002	marker_center_clear_or_partly_curve_overlapped
C2-free-SL0.2	166	270	260	sinkage_over_draught	1392.014	2528.583	0.518242	0.1096743	0.002	0.002	marker_center_clear_or_partly_curve_overlapped
C2-free-SL0.2	166	270	260	sinkage_over_draught	1469.860	2635.651	0.555708	0.0844621	0.002	0.002	marker_center_clear_or_partly_curve_overlapped
C2-free-SL0.2	166	270	260	sinkage_over_draught	1510.375	2675.392	0.575207	0.0751040	0.002	0.002	marker_center_clear_or_partly_curve_overlapped
C2-free-SL0.2	166	270	260	sinkage_over_draught	1542.788	2696.279	0.590807	0.0701856	0.002	0.002	marker_center_clear_or_partly_curve_overlapped
C2-free-SL0.2	166	270	260	sinkage_over_draught	1568.700	2718.820	0.603278	0.0648775	0.002	0.002	marker_center_clear_or_partly_curve_overlapped
C2-free-SL0.2	166	270	260	sinkage_over_draught	1620.642	2744.905	0.628277	0.0587351	0.002	0.002	marker_center_clear_or_partly_curve_overlapped
C2-free-SL0.2	166	270	260	sinkage_over_draught	1621.553	2724.059	0.628715	0.0636440	0.002	0.002	marker_center_clear_or_partly_curve_overlapped
C2-free-SL0.2	166	270	260	sinkage_over_draught	1681.794	2774.342	0.657709	0.0518034	0.002	0.002	marker_center_clear_or_partly_curve_overlapped
C2-free-SL0.2	166	270	260	sinkage_over_draught	1809.063	2810.277	0.718961	0.0433413	0.002	0.002	marker_center_clear_or_partly_curve_overlapped
C2-free-SL0.2	166	270	260	sinkage_over_draught	1877.993	2826.102	0.752136	0.0396149	0.002	0.002	marker_center_clear_or_partly_curve_overlapped
C2-free-SL0.3	170	272	262	sinkage_over_draught	602.704	2851.775	0.131950	0.0090372	0.002	0.002	marker_center_clear_or_partly_curve_overlapped
C2-free-SL0.3	170	272	262	sinkage_over_draught	658.228	2844.922	0.158545	0.0106433	0.002	0.002	marker_center_clear_or_partly_curve_overlapped
C2-free-SL0.3	170	272	262	sinkage_over_draught	722.871	2814.451	0.189507	0.0177849	0.002	0.002	marker_center_clear_or_partly_curve_overlapped
C2-free-SL0.3	170	272	262	sinkage_over_draught	741.273	2813.791	0.198321	0.0179397	0.002	0.002	marker_center_clear_or_partly_curve_overlapped
C2-free-SL0.3	170	272	262	sinkage_over_draught	767.916	2810.040	0.211083	0.0188187	0.002	0.002	marker_center_clear_or_partly_curve_overlapped
C2-free-SL0.3	170	272	262	sinkage_over_draught	783.196	2791.327	0.218402	0.0232046	0.002	0.002	marker_center_clear_or_partly_curve_overlapped
C2-free-SL0.3	170	272	262	sinkage_over_draught	808.736	2788.671	0.230635	0.0238271	0.002	0.002	marker_center_clear_or_partly_curve_overlapped
C2-free-SL0.3	170	272	262	sinkage_over_draught	832.923	2757.307	0.242220	0.0311779	0.002	0.002	marker_center_clear_or_partly_curve_overlapped
C2-free-SL0.3	170	272	262	sinkage_over_draught	833.876	2780.805	0.242676	0.0256708	0.002	0.002	marker_center_clear_or_partly_curve_overlapped
C2-free-SL0.3	170	272	262	sinkage_over_draught	848.214	2761.022	0.249544	0.0303073	0.002	0.002	marker_center_clear_or_partly_curve_overlapped
C2-free-SL0.3	170	272	262	sinkage_over_draught	870.782	2758.318	0.260353	0.0309412	0.002	0.002	marker_center_clear_or_partly_curve_overlapped
C2-free-SL0.3	170	272	262	sinkage_over_draught	891.525	2754.906	0.270288	0.0317407	0.002	0.002	marker_center_clear_or_partly_curve_overlapped
C2-free-SL0.3	170	272	262	sinkage_over_draught	895.110	2735.867	0.272006	0.0362030	0.002	0.002	marker_center_clear_or_partly_curve_overlapped
C2-free-SL0.3	170	272	262	sinkage_over_draught	937.449	2709.165	0.292285	0.0424613	0.002	0.002	marker_center_clear_or_partly_curve_overlapped
C2-free-SL0.3	170	272	262	sinkage_over_draught	969.544	2696.167	0.307658	0.0455077	0.002	0.002	marker_center_clear_or_partly_curve_overlapped
C2-free-SL0.3	170	272	262	sinkage_over_draught	1005.748	2676.761	0.324999	0.0500560	0.002	0.002	marker_center_clear_or_partly_curve_overlapped
C2-free-SL0.3	170	272	262	sinkage_over_draught	1018.834	2676.723	0.331267	0.0500650	0.002	0.002	marker_center_clear_or_partly_curve_overlapped
C2-free-SL0.3	170	272	262	sinkage_over_draught	1051.255	2621.755	0.346796	0.0629480	0.002	0.002	marker_center_clear_or_partly_curve_overlapped
C2-free-SL0.3	170	272	262	sinkage_over_draught	1093.853	2564.048	0.367199	0.0764732	0.002	0.002	marker_center_clear_or_partly_curve_overlapped
C2-free-SL0.3	170	272	262	sinkage_over_draught	1122.860	2517.020	0.381093	0.0874954	0.002	0.002	marker_center_clear_or_partly_curve_overlapped
C2-free-SL0.3	170	272	262	sinkage_over_draught	1135.394	2470.111	0.387097	0.0984895	0.002	0.002	marker_center_clear_or_partly_curve_overlapped
C2-free-SL0.3	170	272	262	sinkage_over_draught	1175.014	2423.057	0.406074	0.1095178	0.002	0.002	marker_center_clear_or_partly_curve_overlapped
C2-free-SL0.3	170	272	262	sinkage_over_draught	1228.963	2392.000	0.431914	0.1167968	0.002	0.002	marker_center_clear_or_partly_curve_overlapped
C2-free-SL0.3	170	272	262	sinkage_over_draught	1284.235	2414.506	0.458388	0.1115219	0.002	0.002	marker_center_clear_or_partly_curve_overlapped
C2-free-SL0.3	170	272	262	sinkage_over_draught	1314.715	2417.618	0.472987	0.1107927	0.002	0.002	marker_center_clear_or_partly_curve_overlapped
C2-free-SL0.3	170	272	262	sinkage_over_draught	1324.762	2452.067	0.477800	0.1027186	0.002	0.002	marker_center_clear_or_partly_curve_overlapped
C2-free-SL0.3	170	272	262	sinkage_over_draught	1341.513	2443.812	0.485823	0.1046533	0.002	0.002	marker_center_clear_or_partly_curve_overlapped
C2-free-SL0.3	170	272	262	sinkage_over_draught	1443.090	2567.986	0.534476	0.0755501	0.002	0.002	marker_center_clear_or_partly_curve_overlapped
C2-free-SL0.3	170	272	262	sinkage_over_draught	1482.559	2599.460	0.553381	0.0681733	0.002	0.002	marker_center_clear_or_partly_curve_overlapped
C2-free-SL0.3	170	272	262	sinkage_over_draught	1505.631	2626.399	0.564432	0.0618596	0.002	0.002	marker_center_clear_or_partly_curve_overlapped
C2-free-SL0.3	170	272	262	sinkage_over_draught	1569.294	2671.085	0.594925	0.0513864	0.002	0.002	marker_center_clear_or_partly_curve_overlapped
C2-free-SL0.3	170	272	262	sinkage_over_draught	1646.413	2700.502	0.631864	0.0444917	0.002	0.002	marker_center_clear_or_partly_curve_overlapped
C2-free-SL0.3	170	272	262	sinkage_over_draught	1696.276	2714.046	0.655747	0.0413173	0.002	0.002	marker_center_clear_or_partly_curve_overlapped
C2-free-SL0.3	170	272	262	sinkage_over_draught	1719.557	2719.086	0.666898	0.0401362	0.002	0.002	marker_center_clear_or_partly_curve_overlapped
C2-free-SL0.3	170	272	262	sinkage_over_draught	1792.694	2739.400	0.701929	0.0353751	0.002	0.002	marker_center_clear_or_partly_curve_overlapped
C2-free-SL0.3	170	272	262	sinkage_over_draught	1876.003	2780.411	0.741832	0.0257629	0.002	0.002	marker_center_clear_or_partly_curve_overlapped
C2-free-SL0.3	170	272	262	sinkage_over_draught	1879.454	2761.475	0.743485	0.0302012	0.002	0.002	marker_center_clear_or_partly_curve_overlapped
C2-free-SL0.3	170	272	262	sinkage_over_draught	1957.227	2841.964	0.780737	0.0113365	0.002	0.002	marker_center_clear_or_partly_curve_overlapped
C2-free-SL0.3	170	272	262	sinkage_over_draught	1988.440	2832.631	0.795687	0.0135240	0.002	0.002	marker_center_clear_or_partly_curve_overlapped
C2-free-SL0.3	170	272	262	sinkage_over_draught	2107.457	2891.528	0.852694	-0.0002801	0.002	0.002	marker_center_clear_or_partly_curve_overlapped
C2-free-SL0.4	174	274	264	sinkage_over_draught	634.095	2732.879	0.160778	0.0140568	0.002	0.002	marker_center_clear_or_partly_curve_overlapped
C2-free-SL0.4	174	274	264	sinkage_over_draught	687.456	2727.044	0.186297	0.0154285	0.002	0.002	marker_center_clear_or_partly_curve_overlapped
C2-free-SL0.4	174	274	264	sinkage_over_draught	755.573	2699.853	0.218871	0.0218214	0.002	0.002	marker_center_clear_or_partly_curve_overlapped
C2-free-SL0.4	174	274	264	sinkage_over_draught	780.033	2691.749	0.230569	0.0237266	0.002	0.002	marker_center_clear_or_partly_curve_overlapped
C2-free-SL0.4	174	274	264	sinkage_over_draught	810.183	2681.098	0.244987	0.0262310	0.002	0.002	marker_center_clear_or_partly_curve_overlapped
C2-free-SL0.4	174	274	264	sinkage_over_draught	838.120	2665.324	0.258346	0.0299395	0.002	0.002	marker_center_clear_or_partly_curve_overlapped
C2-free-SL0.4	174	274	264	sinkage_over_draught	864.342	2648.975	0.270886	0.0337833	0.002	0.002	marker_center_clear_or_partly_curve_overlapped
C2-free-SL0.4	174	274	264	sinkage_over_draught	899.762	2623.644	0.287824	0.0397389	0.002	0.002	marker_center_clear_or_partly_curve_overlapped
C2-free-SL0.4	174	274	264	sinkage_over_draught	943.365	2595.011	0.308676	0.0464709	0.002	0.002	marker_center_clear_or_partly_curve_overlapped
C2-free-SL0.4	174	274	264	sinkage_over_draught	976.116	2579.918	0.324338	0.0500192	0.002	0.002	marker_center_clear_or_partly_curve_overlapped
C2-free-SL0.4	174	274	264	sinkage_over_draught	1003.939	2542.537	0.337643	0.0588079	0.002	0.002	marker_center_clear_or_partly_curve_overlapped
C2-free-SL0.4	174	274	264	sinkage_over_draught	1031.451	2516.361	0.350800	0.0649622	0.002	0.002	marker_center_clear_or_partly_curve_overlapped
C2-free-SL0.4	174	274	264	sinkage_over_draught	1093.753	2450.909	0.380594	0.0803506	0.002	0.002	marker_center_clear_or_partly_curve_overlapped
C2-free-SL0.4	174	274	264	sinkage_over_draught	1146.565	2358.005	0.405849	0.1021933	0.002	0.002	marker_center_clear_or_partly_curve_overlapped
C2-free-SL0.4	174	274	264	sinkage_over_draught	1225.214	2331.645	0.443461	0.1083906	0.002	0.002	marker_center_clear_or_partly_curve_overlapped
C2-free-SL0.4	174	274	264	sinkage_over_draught	1333.813	2382.070	0.495394	0.0965351	0.002	0.002	marker_center_clear_or_partly_curve_overlapped
C2-free-SL0.4	174	274	264	sinkage_over_draught	1460.084	2480.044	0.555779	0.0735005	0.002	0.002	marker_center_clear_or_partly_curve_overlapped
C2-free-SL0.4	174	274	264	sinkage_over_draught	1636.952	2553.794	0.640360	0.0561613	0.002	0.002	marker_center_clear_or_partly_curve_overlapped
C2-free-SL0.4	174	274	264	sinkage_over_draught	1691.840	2570.350	0.666608	0.0522688	0.002	0.002	marker_center_clear_or_partly_curve_overlapped
C2-free-SL0.4	174	274	264	sinkage_over_draught	1793.295	2540.832	0.715125	0.0592089	0.002	0.002	marker_center_clear_or_partly_curve_overlapped
C2-free-SL0.4	174	274	264	sinkage_over_draught	1848.117	2609.411	0.741342	0.0430852	0.002	0.002	marker_center_clear_or_partly_curve_overlapped
C2-free-SL0.4	174	274	264	sinkage_over_draught	1894.424	2630.088	0.763486	0.0382238	0.002	0.002	marker_center_clear_or_partly_curve_overlapped
C2-free-SL0.4	174	274	264	sinkage_over_draught	1986.453	2683.523	0.807496	0.0256606	0.002	0.002	marker_center_clear_or_partly_curve_overlapped
C2-free-SL0.4	174	274	264	sinkage_over_draught	2064.828	2739.350	0.844976	0.0125354	0.002	0.002	marker_center_clear_or_partly_curve_overlapped
C2-free-SL0.4	174	274	264	sinkage_over_draught	2130.000	2712.622	0.876142	0.0188192	0.002	0.002	marker_center_clear_or_partly_curve_overlapped
C2-free-SL0.4	174	274	264	sinkage_over_draught	2199.464	2734.188	0.909361	0.0137489	0.002	0.002	marker_center_clear_or_partly_curve_overlapped
C2-free-SL0.5	178	276	266	sinkage_over_draught	637.597	2818.536	0.161051	0.0127867	0.002	0.002	marker_center_clear_or_partly_curve_overlapped
C2-free-SL0.5	178	276	266	sinkage_over_draught	739.299	2790.498	0.209712	0.0194098	0.002	0.002	marker_center_clear_or_partly_curve_overlapped
C2-free-SL0.5	178	276	266	sinkage_over_draught	810.059	2758.825	0.243569	0.0268917	0.002	0.002	marker_center_clear_or_partly_curve_overlapped
C2-free-SL0.5	178	276	266	sinkage_over_draught	870.935	2727.654	0.272696	0.0342548	0.002	0.002	marker_center_clear_or_partly_curve_overlapped
C2-free-SL0.5	178	276	266	sinkage_over_draught	930.500	2689.338	0.301196	0.0433059	0.002	0.002	marker_center_clear_or_partly_curve_overlapped
C2-free-SL0.5	178	276	266	sinkage_over_draught	961.931	2674.720	0.316235	0.0467590	0.002	0.002	marker_center_clear_or_partly_curve_overlapped
C2-free-SL0.5	178	276	266	sinkage_over_draught	1042.749	2579.912	0.354904	0.0691546	0.002	0.002	marker_center_clear_or_partly_curve_overlapped
C2-free-SL0.5	178	276	266	sinkage_over_draught	1106.515	2506.883	0.385414	0.0864056	0.002	0.002	marker_center_clear_or_partly_curve_overlapped
C2-free-SL0.5	178	276	266	sinkage_over_draught	1134.299	2486.179	0.398707	0.0912963	0.002	0.002	marker_center_clear_or_partly_curve_overlapped
C2-free-SL0.5	178	276	266	sinkage_over_draught	1159.897	2458.596	0.410955	0.0978121	0.002	0.002	marker_center_clear_or_partly_curve_overlapped
C2-free-SL0.5	178	276	266	sinkage_over_draught	1200.792	2433.796	0.430522	0.1036702	0.002	0.002	marker_center_clear_or_partly_curve_overlapped
C2-free-SL0.5	178	276	266	sinkage_over_draught	1212.006	2433.686	0.435888	0.1036962	0.002	0.002	marker_center_clear_or_partly_curve_overlapped
C2-free-SL0.5	178	276	266	sinkage_over_draught	1268.347	2433.390	0.462845	0.1037661	0.002	0.002	marker_center_clear_or_partly_curve_overlapped
C2-free-SL0.5	178	276	266	sinkage_over_draught	1335.854	2459.362	0.495145	0.0976310	0.002	0.002	marker_center_clear_or_partly_curve_overlapped
C2-free-SL0.5	178	276	266	sinkage_over_draught	1387.236	2495.424	0.519730	0.0891124	0.002	0.002	marker_center_clear_or_partly_curve_overlapped
C2-free-SL0.5	178	276	266	sinkage_over_draught	1440.280	2519.071	0.545110	0.0835266	0.002	0.002	marker_center_clear_or_partly_curve_overlapped
C2-free-SL0.5	178	276	266	sinkage_over_draught	1459.806	2508.899	0.554452	0.0859294	0.002	0.002	marker_center_clear_or_partly_curve_overlapped
C2-free-SL0.5	178	276	266	sinkage_over_draught	1463.074	2549.286	0.556016	0.0763891	0.002	0.002	marker_center_clear_or_partly_curve_overlapped
C2-free-SL0.5	178	276	266	sinkage_over_draught	1538.578	2570.571	0.592143	0.0713612	0.002	0.002	marker_center_clear_or_partly_curve_overlapped
C2-free-SL0.5	178	276	266	sinkage_over_draught	1616.675	2607.634	0.629509	0.0626062	0.002	0.002	marker_center_clear_or_partly_curve_overlapped
C2-free-SL0.5	178	276	266	sinkage_over_draught	1701.512	2609.912	0.670101	0.0620681	0.002	0.002	marker_center_clear_or_partly_curve_overlapped
C2-free-SL0.5	178	276	266	sinkage_over_draught	1720.575	2613.055	0.679223	0.0613256	0.002	0.002	marker_center_clear_or_partly_curve_overlapped
C2-free-SL0.5	178	276	266	sinkage_over_draught	1848.266	2633.466	0.740319	0.0565042	0.002	0.002	marker_center_clear_or_partly_curve_overlapped
C2-free-SL0.5	178	276	266	sinkage_over_draught	2082.007	2712.001	0.852157	0.0379525	0.002	0.002	marker_center_clear_or_partly_curve_overlapped
