# source: Mustafa Insel, 1990 PhD thesis
# source_location: printed pages 258 and 259; PDF pages 268 and 269; Figures 161, 162, and 163
# pass: A; image-component-assisted, visually checked; no OCR
configuration,attitude,observable,replicate_id,x_px,y_px,fn,value,value_unit,fn_digitization_uncertainty,value_digitization_uncertainty,source_figure
monohull,free,ct,1,652.06,1202.78,0.158558,0.0056895,dimensionless,0.003,0.00005,161
monohull,free,ct,2,669.92,1237.68,0.167126,0.0054136,dimensionless,0.003,0.00005,161
monohull,free,ct,3,677.17,1249.46,0.170605,0.0053205,dimensionless,0.003,0.00005,161
monohull,free,ct,4,710.53,1225.18,0.186607,0.0055124,dimensionless,0.003,0.00005,161
monohull,free,ct,5,725.47,1247.90,0.193773,0.0053328,dimensionless,0.003,0.00005,161
monohull,free,ct,6,763.39,1224.80,0.211967,0.0055154,dimensionless,0.003,0.00005,161
monohull,free,ct,7,821.98,1214.47,0.240073,0.0055971,dimensionless,0.003,0.00005,161
monohull,free,ct,8,826.17,1255.56,0.242087,0.0052722,dimensionless,0.003,0.00005,161
monohull,free,ct,9,835.69,1223.58,0.246653,0.0055250,dimensionless,0.003,0.00005,161
monohull,free,ct,10,849.10,1233.00,0.253086,0.0054506,dimensionless,0.003,0.00005,161
monohull,free,ct,11,858.40,1254.46,0.257550,0.0052810,dimensionless,0.003,0.00005,161
monohull,free,ct,12,888.12,1240.07,0.271804,0.0053947,dimensionless,0.003,0.00005,161
monohull,free,ct,13,921.05,1194.95,0.287602,0.0057514,dimensionless,0.003,0.00005,161
monohull,free,ct,14,941.84,1190.40,0.297580,0.0057874,dimensionless,0.003,0.00005,161
monohull,free,ct,15,951.46,1160.66,0.302194,0.0060225,dimensionless,0.003,0.00005,161
monohull,free,ct,16,969.83,1163.57,0.311005,0.0059995,dimensionless,0.003,0.00005,161
monohull,free,ct,17,971.36,1144.90,0.311740,0.0061471,dimensionless,0.003,0.00005,161
monohull,free,ct,18,987.70,1156.76,0.319577,0.0060532,dimensionless,0.003,0.00005,161
monohull,free,ct,19,1021.91,1174.07,0.335992,0.0059164,dimensionless,0.003,0.00005,161
monohull,free,ct,20,1047.62,1167.96,0.348327,0.0059648,dimensionless,0.003,0.00005,161
monohull,free,ct,21,1076.64,1166.47,0.362249,0.0059766,dimensionless,0.003,0.00005,161
monohull,free,ct,22,1088.79,624.79,0.368077,0.0102586,dimensionless,0.003,0.00005,161
monohull,free,ct,23,1101.66,1145.92,0.374249,0.0061389,dimensionless,0.003,0.00005,161
monohull,free,ct,24,1118.56,628.55,0.382358,0.0102289,dimensionless,0.003,0.00005,161
monohull,free,ct,25,1123.58,1127.84,0.384765,0.0062819,dimensionless,0.003,0.00005,161
monohull,free,ct,26,1137.04,629.62,0.391225,0.0102204,dimensionless,0.003,0.00005,161
monohull,free,ct,27,1148.88,1108.81,0.396906,0.0064323,dimensionless,0.003,0.00005,161
monohull,free,ct,28,1172.52,1051.43,0.408246,0.0068859,dimensionless,0.003,0.00005,161
monohull,free,ct,29,1193.83,957.58,0.418470,0.0076278,dimensionless,0.003,0.00005,161
monohull,free,ct,30,1221.55,889.40,0.431765,0.0081668,dimensionless,0.003,0.00005,161
monohull,free,ct,31,1231.49,904.33,0.436535,0.0080487,dimensionless,0.003,0.00005,161
monohull,free,ct,32,1241.34,855.93,0.441259,0.0084314,dimensionless,0.003,0.00005,161
monohull,free,ct,33,1255.45,861.15,0.448029,0.0083901,dimensionless,0.003,0.00005,161
monohull,free,ct,34,1266.23,876.78,0.453204,0.0082666,dimensionless,0.003,0.00005,161
monohull,free,ct,35,1290.57,834.47,0.464879,0.0086010,dimensionless,0.003,0.00005,161
monohull,free,ct,36,1311.93,838.64,0.475124,0.0085680,dimensionless,0.003,0.00005,161
monohull,free,ct,37,1335.71,814.31,0.486535,0.0087604,dimensionless,0.003,0.00005,161
monohull,free,ct,38,1361.20,825.78,0.498764,0.0086697,dimensionless,0.003,0.00005,161
monohull,free,ct,39,1382.03,828.34,0.508754,0.0086495,dimensionless,0.003,0.00005,161
monohull,free,ct,40,1426.87,827.43,0.530267,0.0086567,dimensionless,0.003,0.00005,161
monohull,free,ct,41,1473.06,855.45,0.552429,0.0084352,dimensionless,0.003,0.00005,161
monohull,free,ct,42,1520.91,871.11,0.575381,0.0083114,dimensionless,0.003,0.00005,161
monohull,free,ct,43,1592.71,910.79,0.609827,0.0079977,dimensionless,0.003,0.00005,161
monohull,free,ct,44,1687.79,972.63,0.655441,0.0075088,dimensionless,0.003,0.00005,161
monohull,free,ct,45,1779.84,1012.88,0.699603,0.0071907,dimensionless,0.003,0.00005,161
monohull,free,ct,46,1833.55,1012.46,0.725369,0.0071940,dimensionless,0.003,0.00005,161
monohull,free,ct,47,1876.86,1048.67,0.746150,0.0069078,dimensionless,0.003,0.00005,161
monohull,free,ct,48,1964.31,1059.91,0.788103,0.0068189,dimensionless,0.003,0.00005,161
monohull,free,ct,49,2033.46,1090.93,0.821275,0.0065737,dimensionless,0.003,0.00005,161
monohull,free,ct,50,2056.45,1083.66,0.832303,0.0066311,dimensionless,0.003,0.00005,161
monohull,free,ct,51,2152.21,1117.97,0.878244,0.0063599,dimensionless,0.003,0.00005,161
monohull,free,ct,52,2244.42,1135.20,0.922484,0.0062237,dimensionless,0.003,0.00005,161
monohull,free,ct,53,2323.47,1146.29,0.960409,0.0061361,dimensionless,0.003,0.00005,161
monohull,free,cwp,1,643.00,1521.00,0.158342,0.0001107,dimensionless,0.003,0.00005,163
monohull,free,cwp,2,701.00,1511.00,0.186079,0.0001897,dimensionless,0.003,0.00005,163
monohull,free,cwp,3,753.00,1504.00,0.210946,0.0002451,dimensionless,0.003,0.00005,163
monohull,free,cwp,4,792.00,1483.00,0.229596,0.0004111,dimensionless,0.003,0.00005,163
monohull,free,cwp,5,816.00,1468.00,0.241073,0.0005296,dimensionless,0.003,0.00005,163
monohull,free,cwp,6,839.00,1455.00,0.252072,0.0006324,dimensionless,0.003,0.00005,163
monohull,free,cwp,7,849.00,1474.00,0.256854,0.0004822,dimensionless,0.003,0.00005,163
monohull,free,cwp,8,872.00,1466.00,0.267853,0.0005455,dimensionless,0.003,0.00005,163
monohull,free,cwp,9,882.00,1439.00,0.272635,0.0007589,dimensionless,0.003,0.00005,163
monohull,free,cwp,10,930.00,1384.00,0.295590,0.0011937,dimensionless,0.003,0.00005,163
monohull,free,cwp,11,941.00,1365.00,0.300850,0.0013439,dimensionless,0.003,0.00005,163
monohull,free,cwp,12,963.00,1354.00,0.311371,0.0014308,dimensionless,0.003,0.00005,163
monohull,free,cwp,13,989.00,1335.00,0.323804,0.0015810,dimensionless,0.003,0.00005,163
monohull,free,cwp,14,992.00,1373.00,0.325239,0.0012806,dimensionless,0.003,0.00005,163
monohull,free,cwp,15,1015.00,1352.00,0.336238,0.0014466,dimensionless,0.003,0.00005,163
monohull,free,cwp,16,1046.00,1344.00,0.351063,0.0015099,dimensionless,0.003,0.00005,163
monohull,free,cwp,17,1068.00,1328.00,0.361583,0.0016364,dimensionless,0.003,0.00005,163
monohull,free,cwp,18,1103.00,1309.00,0.378321,0.0017866,dimensionless,0.003,0.00005,163
monohull,free,cwp,19,1139.00,1261.00,0.395537,0.0021660,dimensionless,0.003,0.00005,163
monohull,free,cwp,20,1163.00,1212.00,0.407014,0.0025534,dimensionless,0.003,0.00005,163
monohull,free,cwp,21,1189.00,1163.00,0.419447,0.0029407,dimensionless,0.003,0.00005,163
monohull,free,cwp,22,1221.00,1099.00,0.434750,0.0034466,dimensionless,0.003,0.00005,163
monohull,free,cwp,23,1223.00,1068.00,0.435707,0.0036917,dimensionless,0.003,0.00005,163
monohull,free,cwp,24,1232.00,1117.00,0.440011,0.0033043,dimensionless,0.003,0.00005,163
monohull,free,cwp,25,1248.00,1041.00,0.447662,0.0039051,dimensionless,0.003,0.00005,163
monohull,free,cwp,26,1259.00,1023.00,0.452922,0.0040474,dimensionless,0.003,0.00005,163
monohull,free,cwp,27,1282.00,1039.00,0.463921,0.0039209,dimensionless,0.003,0.00005,163
monohull,free,cwp,28,1284.00,965.00,0.464878,0.0045059,dimensionless,0.003,0.00005,163
monohull,free,cwp,29,1303.00,999.00,0.473964,0.0042372,dimensionless,0.003,0.00005,163
monohull,free,cwp,30,1352.00,968.00,0.497396,0.0044822,dimensionless,0.003,0.00005,163
monohull,free,cwp,31,1396.00,1020.00,0.518438,0.0040711,dimensionless,0.003,0.00005,163
monohull,free,cwp,32,1419.00,951.00,0.529437,0.0046166,dimensionless,0.003,0.00005,163
monohull,free,cwp,33,1464.00,1009.00,0.550956,0.0041581,dimensionless,0.003,0.00005,163
monohull,free,cwp,34,1472.00,1052.00,0.554782,0.0038182,dimensionless,0.003,0.00005,163
monohull,free,cwp,35,1512.00,1036.00,0.573911,0.0039447,dimensionless,0.003,0.00005,163
monohull,free,cwp,36,1584.00,1020.00,0.608342,0.0040711,dimensionless,0.003,0.00005,163
monohull,free,cwp,37,1628.00,1057.00,0.629384,0.0037787,dimensionless,0.003,0.00005,163
monohull,free,cwp,38,1679.00,1076.00,0.653773,0.0036285,dimensionless,0.003,0.00005,163
monohull,free,cwp,39,1744.00,1098.00,0.684857,0.0034545,dimensionless,0.003,0.00005,163
monohull,free,cwp,40,1824.00,1149.00,0.723114,0.0030514,dimensionless,0.003,0.00005,163
monohull,free,cwp,41,1858.00,1116.00,0.739373,0.0033123,dimensionless,0.003,0.00005,163
monohull,free,cwp,42,1868.00,1168.00,0.744155,0.0029012,dimensionless,0.003,0.00005,163
monohull,free,cwp,43,1955.00,1158.00,0.785760,0.0029802,dimensionless,0.003,0.00005,163
monohull,free,cwp,44,1974.00,1247.00,0.794846,0.0022767,dimensionless,0.003,0.00005,163
monohull,free,cwp,45,2024.00,1173.00,0.818757,0.0028617,dimensionless,0.003,0.00005,163
monohull,free,cwp,46,2048.00,1180.00,0.830234,0.0028063,dimensionless,0.003,0.00005,163
monohull,free,cwp,47,2092.00,1265.00,0.851275,0.0021344,dimensionless,0.003,0.00005,163
monohull,free,cwp,48,2142.00,1254.00,0.875186,0.0022213,dimensionless,0.003,0.00005,163
monohull,free,cwp,49,2209.00,1304.00,0.907226,0.0018261,dimensionless,0.003,0.00005,163
monohull,free,cwp,50,2235.00,1225.00,0.919660,0.0024506,dimensionless,0.003,0.00005,163
monohull,free,cwp,51,2312.00,1331.00,0.956482,0.0016126,dimensionless,0.003,0.00005,163
monohull,free,cwp,52,2313.00,1371.00,0.956961,0.0012964,dimensionless,0.003,0.00005,163
monohull,free,trim,1,586.97,2925.46,0.130242,0.0085804,degree,0.003,0.03000,162
monohull,free,trim,2,641.40,2929.10,0.156382,-0.0172441,degree,0.003,0.03000,162
monohull,free,trim,3,700.10,2930.14,0.184572,-0.0246063,degree,0.003,0.03000,162
monohull,free,trim,4,757.19,2923.32,0.211993,0.0237205,degree,0.003,0.03000,162
monohull,free,trim,5,815.55,2927.76,0.240020,-0.0077814,degree,0.003,0.03000,162
monohull,free,trim,6,873.75,2931.99,0.267970,-0.0377020,degree,0.003,0.03000,162
monohull,free,trim,7,931.30,2930.08,0.295610,-0.0241815,degree,0.003,0.03000,162
monohull,free,trim,8,988.99,2937.57,0.323312,-0.0772778,degree,0.003,0.03000,162
monohull,free,trim,9,1048.77,2929.75,0.352026,-0.0218254,degree,0.003,0.03000,162
monohull,free,trim,10,1107.35,2869.27,0.380158,0.4067461,degree,0.003,0.03000,162
monohull,free,trim,11,1166.16,2787.87,0.408403,0.9836066,degree,0.003,0.03000,162
monohull,free,trim,12,1223.75,2734.14,0.436061,1.3643273,degree,0.003,0.03000,162
monohull,free,trim,13,1282.05,2661.39,0.464057,1.8799450,degree,0.003,0.03000,162
monohull,free,trim,14,1339.77,2621.83,0.491776,2.1602731,degree,0.003,0.03000,162
monohull,free,trim,15,1397.43,2604.10,0.519471,2.2858894,degree,0.003,0.03000,162
monohull,free,trim,16,1454.57,2583.29,0.546913,2.4334083,degree,0.003,0.03000,162
monohull,free,trim,17,1472.24,2569.86,0.555397,2.5285200,degree,0.003,0.03000,162
monohull,free,trim,18,1549.72,2556.85,0.592611,2.6207480,degree,0.003,0.03000,162
monohull,free,trim,19,1628.42,2556.52,0.630406,2.6230786,degree,0.003,0.03000,162
monohull,free,trim,20,1745.16,2553.01,0.686471,2.6479429,degree,0.003,0.03000,162
monohull,free,trim,21,1859.94,2544.30,0.741592,2.7096703,degree,0.003,0.03000,162
monohull,free,trim,22,1975.29,2523.32,0.796993,2.8583586,degree,0.003,0.03000,162
monohull,free,trim,23,2094.62,2498.50,0.854298,3.0342520,degree,0.003,0.03000,162
monohull,free,trim,24,2213.84,2469.44,0.911554,3.2402006,degree,0.003,0.03000,162
monohull,free,trim,25,2315.52,2452.17,0.960388,3.3625984,degree,0.003,0.03000,162
monohull,free,sinkage_over_draught,1,588.00,2884.00,0.130736,0.0100787,dimensionless,0.003,0.00100,162
monohull,free,sinkage_over_draught,2,591.00,2902.00,0.132177,0.0058268,dimensionless,0.003,0.00100,162
monohull,free,sinkage_over_draught,3,606.00,2873.00,0.139381,0.0126772,dimensionless,0.003,0.00100,162
monohull,free,sinkage_over_draught,4,644.00,2871.00,0.157631,0.0131496,dimensionless,0.003,0.00100,162
monohull,free,sinkage_over_draught,5,649.00,2889.00,0.160032,0.0088976,dimensionless,0.003,0.00100,162
monohull,free,sinkage_over_draught,6,653.00,2919.00,0.161953,0.0018110,dimensionless,0.003,0.00100,162
monohull,free,sinkage_over_draught,7,702.00,2871.00,0.185486,0.0131496,dimensionless,0.003,0.00100,162
monohull,free,sinkage_over_draught,8,704.00,2891.00,0.186446,0.0084252,dimensionless,0.003,0.00100,162
monohull,free,sinkage_over_draught,9,723.00,2858.00,0.195571,0.0162205,dimensionless,0.003,0.00100,162
monohull,free,sinkage_over_draught,10,752.00,2867.00,0.209498,0.0140945,dimensionless,0.003,0.00100,162
monohull,free,sinkage_over_draught,11,758.00,2844.00,0.212380,0.0195276,dimensionless,0.003,0.00100,162
monohull,free,sinkage_over_draught,12,798.00,2849.00,0.231590,0.0183465,dimensionless,0.003,0.00100,162
monohull,free,sinkage_over_draught,13,799.00,2878.00,0.232070,0.0114961,dimensionless,0.003,0.00100,162
monohull,free,sinkage_over_draught,14,817.00,2811.00,0.240715,0.0273228,dimensionless,0.003,0.00100,162
monohull,free,sinkage_over_draught,15,818.00,2829.00,0.241195,0.0230709,dimensionless,0.003,0.00100,162
monohull,free,sinkage_over_draught,16,831.00,2865.00,0.247439,0.0145669,dimensionless,0.003,0.00100,162
monohull,free,sinkage_over_draught,17,843.00,2828.00,0.253202,0.0233071,dimensionless,0.003,0.00100,162
monohull,free,sinkage_over_draught,18,852.00,2798.00,0.257524,0.0303937,dimensionless,0.003,0.00100,162
monohull,free,sinkage_over_draught,19,883.00,2798.00,0.272412,0.0303937,dimensionless,0.003,0.00100,162
monohull,free,sinkage_over_draught,20,916.00,2791.00,0.288260,0.0320472,dimensionless,0.003,0.00100,162
monohull,free,sinkage_over_draught,21,935.00,2770.00,0.297385,0.0370079,dimensionless,0.003,0.00100,162
monohull,free,sinkage_over_draught,22,947.00,2784.00,0.303148,0.0337008,dimensionless,0.003,0.00100,162
monohull,free,sinkage_over_draught,23,967.00,2727.00,0.312753,0.0471654,dimensionless,0.003,0.00100,162
monohull,free,sinkage_over_draught,24,983.00,2767.00,0.320438,0.0377165,dimensionless,0.003,0.00100,162
monohull,free,sinkage_over_draught,25,992.00,2749.00,0.324760,0.0419685,dimensionless,0.003,0.00100,162
monohull,free,sinkage_over_draught,26,997.00,2706.00,0.327161,0.0521260,dimensionless,0.003,0.00100,162
monohull,free,sinkage_over_draught,27,1017.00,2752.00,0.336766,0.0412598,dimensionless,0.003,0.00100,162
monohull,free,sinkage_over_draught,28,1042.00,2745.00,0.348773,0.0429134,dimensionless,0.003,0.00100,162
monohull,free,sinkage_over_draught,29,1046.00,2696.00,0.350694,0.0544882,dimensionless,0.003,0.00100,162
monohull,free,sinkage_over_draught,30,1052.00,2713.00,0.353575,0.0504724,dimensionless,0.003,0.00100,162
monohull,free,sinkage_over_draught,31,1071.00,2681.00,0.362700,0.0580315,dimensionless,0.003,0.00100,162
monohull,free,sinkage_over_draught,32,1098.00,2647.00,0.375667,0.0660630,dimensionless,0.003,0.00100,162
monohull,free,sinkage_over_draught,33,1108.00,2663.00,0.380470,0.0622835,dimensionless,0.003,0.00100,162
monohull,free,sinkage_over_draught,34,1119.00,2633.00,0.385752,0.0693701,dimensionless,0.003,0.00100,162
monohull,free,sinkage_over_draught,35,1144.00,2609.00,0.397759,0.0750394,dimensionless,0.003,0.00100,162
monohull,free,sinkage_over_draught,36,1167.00,2591.00,0.408805,0.0792913,dimensionless,0.003,0.00100,162
monohull,free,sinkage_over_draught,37,1168.00,2612.00,0.409285,0.0743307,dimensionless,0.003,0.00100,162
monohull,free,sinkage_over_draught,38,1191.00,2570.00,0.420331,0.0842520,dimensionless,0.003,0.00100,162
monohull,free,sinkage_over_draught,39,1214.00,2539.00,0.431377,0.0915748,dimensionless,0.003,0.00100,162
monohull,free,sinkage_over_draught,40,1227.00,2589.00,0.437620,0.0797638,dimensionless,0.003,0.00100,162
monohull,free,sinkage_over_draught,41,1236.00,2549.00,0.441942,0.0892126,dimensionless,0.003,0.00100,162
monohull,free,sinkage_over_draught,42,1259.00,2580.00,0.452988,0.0818898,dimensionless,0.003,0.00100,162
monohull,free,sinkage_over_draught,43,1286.00,2549.00,0.465955,0.0892126,dimensionless,0.003,0.00100,162
monohull,free,sinkage_over_draught,44,1305.00,2568.00,0.475080,0.0847244,dimensionless,0.003,0.00100,162
monohull,free,sinkage_over_draught,45,1329.00,2542.00,0.486606,0.0908661,dimensionless,0.003,0.00100,162
monohull,free,sinkage_over_draught,46,1341.00,2560.00,0.492369,0.0866142,dimensionless,0.003,0.00100,162
monohull,free,sinkage_over_draught,47,1354.00,2575.00,0.498613,0.0830709,dimensionless,0.003,0.00100,162
monohull,free,sinkage_over_draught,48,1375.00,2556.00,0.508698,0.0875591,dimensionless,0.003,0.00100,162
monohull,free,sinkage_over_draught,49,1397.00,2575.00,0.519264,0.0830709,dimensionless,0.003,0.00100,162
monohull,free,sinkage_over_draught,50,1399.00,2594.00,0.520224,0.0785827,dimensionless,0.003,0.00100,162
monohull,free,sinkage_over_draught,51,1420.00,2568.00,0.530309,0.0847244,dimensionless,0.003,0.00100,162
monohull,free,sinkage_over_draught,52,1475.00,2600.00,0.556724,0.0771654,dimensionless,0.003,0.00100,162
monohull,free,sinkage_over_draught,53,1477.00,2578.00,0.557684,0.0823622,dimensionless,0.003,0.00100,162
monohull,free,sinkage_over_draught,54,1514.00,2634.00,0.575454,0.0691339,dimensionless,0.003,0.00100,162
monohull,free,sinkage_over_draught,55,1551.00,2631.00,0.593223,0.0698425,dimensionless,0.003,0.00100,162
monohull,free,sinkage_over_draught,56,1586.00,2627.00,0.610032,0.0707874,dimensionless,0.003,0.00100,162
monohull,free,sinkage_over_draught,57,1630.00,2650.00,0.631163,0.0653543,dimensionless,0.003,0.00100,162
monohull,free,sinkage_over_draught,58,1680.00,2664.00,0.655176,0.0620472,dimensionless,0.003,0.00100,162
monohull,free,sinkage_over_draught,59,1748.00,2673.00,0.687834,0.0599213,dimensionless,0.003,0.00100,162
monohull,free,sinkage_over_draught,60,1861.00,2690.00,0.742102,0.0559055,dimensionless,0.003,0.00100,162
monohull,free,sinkage_over_draught,61,1975.00,2721.00,0.796852,0.0485827,dimensionless,0.003,0.00100,162
monohull,free,sinkage_over_draught,62,2096.00,2732.00,0.854963,0.0459843,dimensionless,0.003,0.00100,162
monohull,free,sinkage_over_draught,63,2213.00,2745.00,0.911153,0.0429134,dimensionless,0.003,0.00100,162
monohull,free,sinkage_over_draught,64,2315.00,2759.00,0.960139,0.0396063,dimensionless,0.003,0.00100,162
