configuration	figure	render_page	printed_page	series	pixel_x	pixel_y	Fn	CWP	uncertainty_Fn	uncertainty_CWP	quality
C2-free-monohull	163	269	259	CWP	1256.224	1027.266	0.451490	0.00401371	0.002	0.00008	marker_center_clear_or_partly_curve_overlapped
C2-free-monohull	163	269	259	CWP	1281.570	1040.506	0.463624	0.00390904	0.002	0.00008	marker_center_clear_or_partly_curve_overlapped
C2-free-monohull	163	269	259	CWP	1283.773	963.285	0.464679	0.00451949	0.002	0.00008	marker_center_clear_or_partly_curve_overlapped
C2-free-monohull	163	269	259	CWP	1302.112	1000.243	0.473458	0.00422732	0.002	0.00008	marker_center_clear_or_partly_curve_overlapped
C2-free-monohull	163	269	259	CWP	1327.647	878.474	0.485682	0.00518993	0.002	0.00008	marker_center_clear_or_partly_curve_overlapped
C2-free-monohull	163	269	259	CWP	1352.577	967.752	0.497617	0.00448418	0.002	0.00008	marker_center_clear_or_partly_curve_overlapped
C2-free-monohull	163	269	259	CWP	1374.145	970.969	0.507942	0.00445875	0.002	0.00008	marker_center_clear_or_partly_curve_overlapped
C2-free-monohull	163	269	259	CWP	1395.989	1018.657	0.518399	0.00408176	0.002	0.00008	marker_center_clear_or_partly_curve_overlapped
C2-free-monohull	163	269	259	CWP	1418.232	952.661	0.529047	0.00460347	0.002	0.00008	marker_center_clear_or_partly_curve_overlapped
C2-free-monohull	163	269	259	CWP	1463.960	1007.080	0.550938	0.00417328	0.002	0.00008	marker_center_clear_or_partly_curve_overlapped
C2-free-monohull	163	269	259	CWP	1471.218	1051.471	0.554413	0.00382237	0.002	0.00008	marker_center_clear_or_partly_curve_overlapped
C2-free-monohull	163	269	259	CWP	1511.960	1035.226	0.573917	0.00395079	0.002	0.00008	marker_center_clear_or_partly_curve_overlapped
C2-free-monohull	163	269	259	CWP	1583.177	1018.326	0.608010	0.00408438	0.002	0.00008	marker_center_clear_or_partly_curve_overlapped
C2-free-monohull	163	269	259	CWP	1629.504	1055.359	0.630188	0.00379163	0.002	0.00008	marker_center_clear_or_partly_curve_overlapped
C2-free-monohull	163	269	259	CWP	1679.589	1077.517	0.654165	0.00361647	0.002	0.00008	marker_center_clear_or_partly_curve_overlapped
C2-free-monohull	163	269	259	CWP	1743.256	1099.075	0.684644	0.00344605	0.002	0.00008	marker_center_clear_or_partly_curve_overlapped
C2-free-monohull	163	269	259	CWP	1823.521	1148.659	0.723068	0.00305408	0.002	0.00008	marker_center_clear_or_partly_curve_overlapped
C2-free-monohull	163	269	259	CWP	1858.098	1115.649	0.739621	0.00331502	0.002	0.00008	marker_center_clear_or_partly_curve_overlapped
C2-free-monohull	163	269	259	CWP	1866.408	1169.819	0.743600	0.00288680	0.002	0.00008	marker_center_clear_or_partly_curve_overlapped
C2-free-monohull	163	269	259	CWP	1954.900	1158.392	0.785963	0.00297714	0.002	0.00008	marker_center_clear_or_partly_curve_overlapped
C2-free-monohull	163	269	259	CWP	1973.958	1246.693	0.795086	0.00227910	0.002	0.00008	marker_center_clear_or_partly_curve_overlapped
C2-free-monohull	163	269	259	CWP	2024.633	1172.199	0.819346	0.00286799	0.002	0.00008	marker_center_clear_or_partly_curve_overlapped
C2-free-monohull	163	269	259	CWP	2048.993	1181.330	0.831007	0.00279581	0.002	0.00008	marker_center_clear_or_partly_curve_overlapped
C2-free-monohull	163	269	259	CWP	2091.965	1263.263	0.851579	0.00214812	0.002	0.00008	marker_center_clear_or_partly_curve_overlapped
C2-free-monohull	163	269	259	CWP	2142.481	1254.824	0.875762	0.00221483	0.002	0.00008	marker_center_clear_or_partly_curve_overlapped
C2-free-monohull	163	269	259	CWP	2210.003	1303.114	0.908087	0.00183309	0.002	0.00008	marker_center_clear_or_partly_curve_overlapped
C2-free-monohull	163	269	259	CWP	2234.978	1223.040	0.920043	0.00246609	0.002	0.00008	marker_center_clear_or_partly_curve_overlapped
C2-free-SL0.2	167	271	261	CWP	1172.523	1190.403	0.409804	0.00254801	0.002	0.00008	marker_center_clear_or_partly_curve_overlapped
C2-free-SL0.2	167	271	261	CWP	1217.114	1130.037	0.431106	0.00302333	0.002	0.00008	marker_center_clear_or_partly_curve_overlapped
C2-free-SL0.2	167	271	261	CWP	1238.176	1200.117	0.441167	0.00247152	0.002	0.00008	marker_center_clear_or_partly_curve_overlapped
C2-free-SL0.2	167	271	261	CWP	1261.848	1209.806	0.452475	0.00239523	0.002	0.00008	marker_center_clear_or_partly_curve_overlapped
C2-free-SL0.2	167	271	261	CWP	1285.476	1127.084	0.463762	0.00304658	0.002	0.00008	marker_center_clear_or_partly_curve_overlapped
C2-free-SL0.2	167	271	261	CWP	1306.509	1107.927	0.473810	0.00319742	0.002	0.00008	marker_center_clear_or_partly_curve_overlapped
C2-free-SL0.2	167	271	261	CWP	1354.192	1083.747	0.496589	0.00338782	0.002	0.00008	marker_center_clear_or_partly_curve_overlapped
C2-free-SL0.2	167	271	261	CWP	1396.310	1115.293	0.516709	0.00313942	0.002	0.00008	marker_center_clear_or_partly_curve_overlapped
C2-free-SL0.2	167	271	261	CWP	1445.456	1119.190	0.540186	0.00310874	0.002	0.00008	marker_center_clear_or_partly_curve_overlapped
C2-free-SL0.2	167	271	261	CWP	1517.500	1150.667	0.574602	0.00286089	0.002	0.00008	marker_center_clear_or_partly_curve_overlapped
C2-free-SL0.2	167	271	261	CWP	1572.455	1152.215	0.600854	0.00284870	0.002	0.00008	marker_center_clear_or_partly_curve_overlapped
C2-free-SL0.2	167	271	261	CWP	1630.310	1191.241	0.628492	0.00254141	0.002	0.00008	marker_center_clear_or_partly_curve_overlapped
C2-free-SL0.2	167	271	261	CWP	1690.274	1244.231	0.657137	0.00212416	0.002	0.00008	marker_center_clear_or_partly_curve_overlapped
C2-free-SL0.2	167	271	261	CWP	1749.143	1235.071	0.685259	0.00219629	0.002	0.00008	marker_center_clear_or_partly_curve_overlapped
C2-free-SL0.2	167	271	261	CWP	1818.976	1293.767	0.718619	0.00173412	0.002	0.00008	marker_center_clear_or_partly_curve_overlapped
C2-free-SL0.2	167	271	261	CWP	1886.835	1297.378	0.751036	0.00170569	0.002	0.00008	marker_center_clear_or_partly_curve_overlapped
C2-free-SL0.3	171	273	263	CWP	1119.401	1358.251	0.385406	0.00139172	0.002	0.00008	marker_center_clear_or_partly_curve_overlapped
C2-free-SL0.3	171	273	263	CWP	1169.611	1159.186	0.409354	0.00295916	0.002	0.00008	marker_center_clear_or_partly_curve_overlapped
C2-free-SL0.3	171	273	263	CWP	1211.592	1050.325	0.429376	0.00381634	0.002	0.00008	marker_center_clear_or_partly_curve_overlapped
C2-free-SL0.3	171	273	263	CWP	1262.080	890.684	0.453456	0.00507335	0.002	0.00008	marker_center_clear_or_partly_curve_overlapped
C2-free-SL0.3	171	273	263	CWP	1287.573	824.056	0.465615	0.00559798	0.002	0.00008	marker_center_clear_or_partly_curve_overlapped
C2-free-SL0.3	171	273	263	CWP	1307.741	785.830	0.475234	0.00589898	0.002	0.00008	marker_center_clear_or_partly_curve_overlapped
C2-free-SL0.3	171	273	263	CWP	1355.310	798.707	0.497922	0.00579758	0.002	0.00008	marker_center_clear_or_partly_curve_overlapped
C2-free-SL0.3	171	273	263	CWP	1423.399	869.197	0.530397	0.00524254	0.002	0.00008	marker_center_clear_or_partly_curve_overlapped
C2-free-SL0.3	171	273	263	CWP	1490.729	955.067	0.562510	0.00456640	0.002	0.00008	marker_center_clear_or_partly_curve_overlapped
C2-free-SL0.3	171	273	263	CWP	1587.612	1041.776	0.608718	0.00388365	0.002	0.00008	marker_center_clear_or_partly_curve_overlapped
C2-free-SL0.3	171	273	263	CWP	1678.407	1092.545	0.652022	0.00348389	0.002	0.00008	marker_center_clear_or_partly_curve_overlapped
C2-free-SL0.3	171	273	263	CWP	1775.364	1179.189	0.698266	0.00280166	0.002	0.00008	marker_center_clear_or_partly_curve_overlapped
C2-free-SL0.3	171	273	263	CWP	1864.346	1192.875	0.740705	0.00269390	0.002	0.00008	marker_center_clear_or_partly_curve_overlapped
C2-free-SL0.3	171	273	263	CWP	1943.189	1134.311	0.778310	0.00315503	0.002	0.00008	marker_center_clear_or_partly_curve_overlapped
C2-free-SL0.4	175	275	265	CWP	1239.000	1141.654	0.441494	0.00291282	0.002	0.00008	marker_center_clear_or_partly_curve_overlapped
C2-free-SL0.4	175	275	265	CWP	1247.239	958.423	0.445424	0.00435787	0.002	0.00008	marker_center_clear_or_partly_curve_overlapped
C2-free-SL0.4	175	275	265	CWP	1260.521	906.300	0.451759	0.00476893	0.002	0.00008	marker_center_clear_or_partly_curve_overlapped
C2-free-SL0.4	175	275	265	CWP	1270.299	1105.018	0.456423	0.00320175	0.002	0.00008	marker_center_clear_or_partly_curve_overlapped
C2-free-SL0.4	175	275	265	CWP	1276.405	856.115	0.459334	0.00516471	0.002	0.00008	marker_center_clear_or_partly_curve_overlapped
C2-free-SL0.4	175	275	265	CWP	1289.840	812.904	0.465743	0.00550549	0.002	0.00008	marker_center_clear_or_partly_curve_overlapped
C2-free-SL0.4	175	275	265	CWP	1306.409	1079.036	0.473645	0.00340665	0.002	0.00008	marker_center_clear_or_partly_curve_overlapped
C2-free-SL0.4	175	275	265	CWP	1308.175	773.887	0.474487	0.00581320	0.002	0.00008	marker_center_clear_or_partly_curve_overlapped
C2-free-SL0.4	175	275	265	CWP	1329.299	799.018	0.484562	0.00561500	0.002	0.00008	marker_center_clear_or_partly_curve_overlapped
C2-free-SL0.4	175	275	265	CWP	1350.049	783.920	0.494459	0.00573407	0.002	0.00008	marker_center_clear_or_partly_curve_overlapped
C2-free-SL0.4	175	275	265	CWP	1354.225	1121.423	0.496451	0.00307238	0.002	0.00008	marker_center_clear_or_partly_curve_overlapped
C2-free-SL0.4	175	275	265	CWP	1382.731	817.880	0.510046	0.00546625	0.002	0.00008	marker_center_clear_or_partly_curve_overlapped
C2-free-SL0.4	175	275	265	CWP	1398.368	948.264	0.517505	0.00443798	0.002	0.00008	marker_center_clear_or_partly_curve_overlapped
C2-free-SL0.4	175	275	265	CWP	1633.332	1020.144	0.629570	0.00387111	0.002	0.00008	marker_center_clear_or_partly_curve_overlapped
C2-free-SL0.4	175	275	265	CWP	1675.822	1042.668	0.649836	0.00369347	0.002	0.00008	marker_center_clear_or_partly_curve_overlapped
C2-free-SL0.4	175	275	265	CWP	1819.444	1148.067	0.718336	0.00286225	0.002	0.00008	marker_center_clear_or_partly_curve_overlapped
C2-free-SL0.4	175	275	265	CWP	1911.947	1141.242	0.762455	0.00291607	0.002	0.00008	marker_center_clear_or_partly_curve_overlapped
C2-free-SL0.4	175	275	265	CWP	2002.425	1191.340	0.805608	0.00252098	0.002	0.00008	marker_center_clear_or_partly_curve_overlapped
C2-free-SL0.4	175	275	265	CWP	2003.971	1005.728	0.806345	0.00398480	0.002	0.00008	marker_center_clear_or_partly_curve_overlapped
C2-free-SL0.4	175	275	265	CWP	2075.898	1056.557	0.840651	0.00358394	0.002	0.00008	marker_center_clear_or_partly_curve_overlapped
C2-free-SL0.4	175	275	265	CWP	2082.168	1244.380	0.843641	0.00210268	0.002	0.00008	marker_center_clear_or_partly_curve_overlapped
C2-free-SL0.4	175	275	265	CWP	2145.471	1172.255	0.873834	0.00267149	0.002	0.00008	marker_center_clear_or_partly_curve_overlapped
C2-free-SL0.4	175	275	265	CWP	2192.197	1255.524	0.896120	0.00201480	0.002	0.00008	marker_center_clear_or_partly_curve_overlapped
C2-free-SL0.4	175	275	265	CWP	2215.403	1090.447	0.907187	0.00331666	0.002	0.00008	marker_center_clear_or_partly_curve_overlapped
C2-free-SL0.4	175	275	265	CWP	2261.429	1064.537	0.929139	0.00352101	0.002	0.00008	marker_center_clear_or_partly_curve_overlapped
C2-free-SL0.4	175	275	265	CWP	2288.225	1319.423	0.941920	0.00151086	0.002	0.00008	marker_center_clear_or_partly_curve_overlapped
C2-free-SL0.5	179	277	267	CWP	1198.311	1087.396	0.421304	0.00334861	0.002	0.00008	marker_center_clear_or_partly_curve_overlapped
C2-free-SL0.5	179	277	267	CWP	1206.931	1104.928	0.425418	0.00321035	0.002	0.00008	marker_center_clear_or_partly_curve_overlapped
C2-free-SL0.5	179	277	267	CWP	1237.896	1035.052	0.440194	0.00376142	0.002	0.00008	marker_center_clear_or_partly_curve_overlapped
C2-free-SL0.5	179	277	267	CWP	1241.753	1006.667	0.442035	0.00398528	0.002	0.00008	marker_center_clear_or_partly_curve_overlapped
C2-free-SL0.5	179	277	267	CWP	1272.222	974.249	0.456575	0.00424094	0.002	0.00008	marker_center_clear_or_partly_curve_overlapped
C2-free-SL0.5	179	277	267	CWP	1278.575	926.367	0.459606	0.00461856	0.002	0.00008	marker_center_clear_or_partly_curve_overlapped
C2-free-SL0.5	179	277	267	CWP	1296.959	892.083	0.468379	0.00488894	0.002	0.00008	marker_center_clear_or_partly_curve_overlapped
C2-free-SL0.5	179	277	267	CWP	1314.105	866.667	0.476561	0.00508938	0.002	0.00008	marker_center_clear_or_partly_curve_overlapped
C2-free-SL0.5	179	277	267	CWP	1356.655	972.190	0.496866	0.00425718	0.002	0.00008	marker_center_clear_or_partly_curve_overlapped
C2-free-SL0.5	179	277	267	CWP	1374.154	937.022	0.505217	0.00453453	0.002	0.00008	marker_center_clear_or_partly_curve_overlapped
C2-free-SL0.5	179	277	267	CWP	1400.921	1054.832	0.517990	0.00360542	0.002	0.00008	marker_center_clear_or_partly_curve_overlapped
C2-free-SL0.5	179	277	267	CWP	1454.881	1105.208	0.543739	0.00320814	0.002	0.00008	marker_center_clear_or_partly_curve_overlapped
C2-free-SL0.5	179	277	267	CWP	1481.955	1002.674	0.556659	0.00401677	0.002	0.00008	marker_center_clear_or_partly_curve_overlapped
C2-free-SL0.5	179	277	267	CWP	1522.383	1158.971	0.575951	0.00278414	0.002	0.00008	marker_center_clear_or_partly_curve_overlapped
C2-free-SL0.5	179	277	267	CWP	1558.745	1018.379	0.593303	0.00389291	0.002	0.00008	marker_center_clear_or_partly_curve_overlapped
C2-free-SL0.5	179	277	267	CWP	1593.101	1150.659	0.609698	0.00284969	0.002	0.00008	marker_center_clear_or_partly_curve_overlapped
C2-free-SL0.5	179	277	267	CWP	1637.566	1082.538	0.630917	0.00338692	0.002	0.00008	marker_center_clear_or_partly_curve_overlapped
C2-free-SL0.5	179	277	267	CWP	1662.702	1168.681	0.642912	0.00270757	0.002	0.00008	marker_center_clear_or_partly_curve_overlapped
C2-free-SL0.5	179	277	267	CWP	1717.343	1044.903	0.668987	0.00368373	0.002	0.00008	marker_center_clear_or_partly_curve_overlapped
C2-free-SL0.5	179	277	267	CWP	1733.415	1189.291	0.676656	0.00254502	0.002	0.00008	marker_center_clear_or_partly_curve_overlapped
C2-free-SL0.5	179	277	267	CWP	1790.705	1177.381	0.703995	0.00263895	0.002	0.00008	marker_center_clear_or_partly_curve_overlapped
C2-free-SL0.5	179	277	267	CWP	1804.904	1225.206	0.710771	0.00226178	0.002	0.00008	marker_center_clear_or_partly_curve_overlapped
C2-free-SL0.5	179	277	267	CWP	1871.011	1200.214	0.742317	0.00245888	0.002	0.00008	marker_center_clear_or_partly_curve_overlapped
C2-free-SL0.5	179	277	267	CWP	1963.141	1217.770	0.786281	0.00232043	0.002	0.00008	marker_center_clear_or_partly_curve_overlapped
C2-free-SL0.5	179	277	267	CWP	1983.611	1207.144	0.796050	0.00240422	0.002	0.00008	marker_center_clear_or_partly_curve_overlapped
C2-free-SL0.5	179	277	267	CWP	2056.913	1244.013	0.831029	0.00211346	0.002	0.00008	marker_center_clear_or_partly_curve_overlapped
C2-free-SL0.5	179	277	267	CWP	2129.400	1249.259	0.865620	0.00207209	0.002	0.00008	marker_center_clear_or_partly_curve_overlapped
C2-free-SL0.5	179	277	267	CWP	2239.106	1304.626	0.917972	0.00163544	0.002	0.00008	marker_center_clear_or_partly_curve_overlapped
