configuration	figure	render_page	printed_page	series	pixel_x	pixel_y	Fn	CT	uncertainty_Fn	uncertainty_CT	quality
C2-free-monohull	161	268	258	CT	1172.196	1050.923	0.407283	0.00688993	0.002	0.00008	marker_center_clear_or_partly_curve_overlapped
C2-free-monohull	161	268	258	CT	1193.948	961.070	0.417707	0.00760024	0.002	0.00008	marker_center_clear_or_partly_curve_overlapped
C2-free-monohull	161	268	258	CT	1225.212	893.880	0.432690	0.00813139	0.002	0.00008	marker_center_clear_or_partly_curve_overlapped
C2-free-monohull	161	268	258	CT	1257.658	867.913	0.448239	0.00833666	0.002	0.00008	marker_center_clear_or_partly_curve_overlapped
C2-free-monohull	161	268	258	CT	1299.493	836.122	0.468288	0.00858797	0.002	0.00008	marker_center_clear_or_partly_curve_overlapped
C2-free-monohull	161	268	258	CT	1312.430	835.486	0.474487	0.00859300	0.002	0.00008	marker_center_clear_or_partly_curve_overlapped
C2-free-monohull	161	268	258	CT	1335.911	816.358	0.485740	0.00874421	0.002	0.00008	marker_center_clear_or_partly_curve_overlapped
C2-free-monohull	161	268	258	CT	1367.271	825.496	0.500769	0.00867197	0.002	0.00008	marker_center_clear_or_partly_curve_overlapped
C2-free-monohull	161	268	258	CT	1382.193	828.115	0.507920	0.00865127	0.002	0.00008	marker_center_clear_or_partly_curve_overlapped
C2-free-monohull	161	268	258	CT	1426.933	828.732	0.529361	0.00864639	0.002	0.00008	marker_center_clear_or_partly_curve_overlapped
C2-free-monohull	161	268	258	CT	1473.369	853.597	0.551614	0.00844983	0.002	0.00008	marker_center_clear_or_partly_curve_overlapped
C2-free-monohull	161	268	258	CT	1520.563	872.551	0.574231	0.00829999	0.002	0.00008	marker_center_clear_or_partly_curve_overlapped
C2-free-monohull	161	268	258	CT	1592.640	912.897	0.608773	0.00798105	0.002	0.00008	marker_center_clear_or_partly_curve_overlapped
C2-free-monohull	161	268	258	CT	1687.292	970.407	0.654133	0.00752642	0.002	0.00008	marker_center_clear_or_partly_curve_overlapped
C2-free-monohull	161	268	258	CT	1780.492	1010.447	0.698798	0.00720990	0.002	0.00008	marker_center_clear_or_partly_curve_overlapped
C2-free-monohull	161	268	258	CT	1833.638	1013.323	0.724268	0.00718717	0.002	0.00008	marker_center_clear_or_partly_curve_overlapped
C2-free-monohull	161	268	258	CT	1877.125	1048.155	0.745108	0.00691182	0.002	0.00008	marker_center_clear_or_partly_curve_overlapped
C2-free-monohull	161	268	258	CT	1963.810	1062.368	0.786650	0.00679946	0.002	0.00008	marker_center_clear_or_partly_curve_overlapped
C2-free-monohull	161	268	258	CT	2033.894	1085.813	0.820237	0.00661413	0.002	0.00008	marker_center_clear_or_partly_curve_overlapped
C2-free-monohull	161	268	258	CT	2049.219	1084.562	0.827581	0.00662402	0.002	0.00008	marker_center_clear_or_partly_curve_overlapped
C2-free-monohull	161	268	258	CT	2152.206	1117.818	0.876936	0.00636112	0.002	0.00008	marker_center_clear_or_partly_curve_overlapped
C2-free-monohull	161	268	258	CT	2244.334	1133.009	0.921087	0.00624103	0.002	0.00008	marker_center_clear_or_partly_curve_overlapped
C2-free-SL0.2	165	270	260	CT	1182.403	958.372	0.409163	0.00809185	0.002	0.00008	marker_center_clear_or_partly_curve_overlapped
C2-free-SL0.2	165	270	260	CT	1198.841	867.870	0.417062	0.00880672	0.002	0.00008	marker_center_clear_or_partly_curve_overlapped
C2-free-SL0.2	165	270	260	CT	1206.184	815.720	0.420590	0.00921864	0.002	0.00008	marker_center_clear_or_partly_curve_overlapped
C2-free-SL0.2	165	270	260	CT	1243.149	651.522	0.438352	0.01051563	0.002	0.00008	marker_center_clear_or_partly_curve_overlapped
C2-free-SL0.2	165	270	260	CT	1256.681	589.413	0.444855	0.01100622	0.002	0.00008	marker_center_clear_or_partly_curve_overlapped
C2-free-SL0.2	165	270	260	CT	1266.444	499.851	0.449546	0.01171366	0.002	0.00008	marker_center_clear_or_partly_curve_overlapped
C2-free-SL0.2	165	270	260	CT	1296.383	461.035	0.463932	0.01202026	0.002	0.00008	marker_center_clear_or_partly_curve_overlapped
C2-free-SL0.2	165	270	260	CT	1307.785	426.359	0.469411	0.01229416	0.002	0.00008	marker_center_clear_or_partly_curve_overlapped
C2-free-SL0.2	165	270	260	CT	1317.504	390.266	0.474081	0.01257926	0.002	0.00008	marker_center_clear_or_partly_curve_overlapped
C2-free-SL0.2	165	270	260	CT	1348.365	369.669	0.488910	0.01274195	0.002	0.00008	marker_center_clear_or_partly_curve_overlapped
C2-free-SL0.2	165	270	260	CT	1362.453	407.470	0.495680	0.01244336	0.002	0.00008	marker_center_clear_or_partly_curve_overlapped
C2-free-SL0.2	165	270	260	CT	1368.952	367.548	0.498802	0.01275871	0.002	0.00008	marker_center_clear_or_partly_curve_overlapped
C2-free-SL0.2	165	270	260	CT	1411.850	392.950	0.519415	0.01255806	0.002	0.00008	marker_center_clear_or_partly_curve_overlapped
C2-free-SL0.2	165	270	260	CT	1418.540	441.891	0.522630	0.01217148	0.002	0.00008	marker_center_clear_or_partly_curve_overlapped
C2-free-SL0.2	165	270	260	CT	1428.874	460.339	0.527596	0.01202576	0.002	0.00008	marker_center_clear_or_partly_curve_overlapped
C2-free-SL0.2	165	270	260	CT	1455.560	462.757	0.540419	0.01200666	0.002	0.00008	marker_center_clear_or_partly_curve_overlapped
C2-free-SL0.2	165	270	260	CT	1492.233	544.445	0.558041	0.01136142	0.002	0.00008	marker_center_clear_or_partly_curve_overlapped
C2-free-SL0.2	165	270	260	CT	1497.843	560.033	0.560736	0.01123829	0.002	0.00008	marker_center_clear_or_partly_curve_overlapped
C2-free-SL0.2	165	270	260	CT	1530.023	579.645	0.576199	0.01108337	0.002	0.00008	marker_center_clear_or_partly_curve_overlapped
C2-free-SL0.2	165	270	260	CT	1566.346	635.919	0.593653	0.01063887	0.002	0.00008	marker_center_clear_or_partly_curve_overlapped
C2-free-SL0.2	165	270	260	CT	1585.576	654.468	0.602893	0.01049235	0.002	0.00008	marker_center_clear_or_partly_curve_overlapped
C2-free-SL0.2	165	270	260	CT	1642.270	725.568	0.630135	0.00993074	0.002	0.00008	marker_center_clear_or_partly_curve_overlapped
C2-free-SL0.2	165	270	260	CT	1702.422	807.486	0.659039	0.00928368	0.002	0.00008	marker_center_clear_or_partly_curve_overlapped
C2-free-SL0.2	165	270	260	CT	1759.172	869.624	0.686308	0.00879286	0.002	0.00008	marker_center_clear_or_partly_curve_overlapped
C2-free-SL0.2	165	270	260	CT	1829.393	919.591	0.720050	0.00839818	0.002	0.00008	marker_center_clear_or_partly_curve_overlapped
C2-free-SL0.2	165	270	260	CT	1896.785	953.246	0.752433	0.00813234	0.002	0.00008	marker_center_clear_or_partly_curve_overlapped
C2-free-SL0.3	169	272	262	CT	1177.687	883.275	0.403672	0.00834796	0.002	0.00008	marker_center_clear_or_partly_curve_overlapped
C2-free-SL0.3	169	272	262	CT	1193.576	804.135	0.411263	0.00897062	0.002	0.00008	marker_center_clear_or_partly_curve_overlapped
C2-free-SL0.3	169	272	262	CT	1291.940	526.664	0.458252	0.01115371	0.002	0.00008	marker_center_clear_or_partly_curve_overlapped
C2-free-SL0.3	169	272	262	CT	1309.666	516.230	0.466720	0.01123580	0.002	0.00008	marker_center_clear_or_partly_curve_overlapped
C2-free-SL0.3	169	272	262	CT	1326.173	523.316	0.474605	0.01118004	0.002	0.00008	marker_center_clear_or_partly_curve_overlapped
C2-free-SL0.3	169	272	262	CT	1329.451	486.539	0.476171	0.01146940	0.002	0.00008	marker_center_clear_or_partly_curve_overlapped
C2-free-SL0.3	169	272	262	CT	1358.509	539.666	0.490052	0.01105141	0.002	0.00008	marker_center_clear_or_partly_curve_overlapped
C2-free-SL0.3	169	272	262	CT	1376.400	564.096	0.498599	0.01085920	0.002	0.00008	marker_center_clear_or_partly_curve_overlapped
C2-free-SL0.3	169	272	262	CT	1377.366	529.803	0.499060	0.01112901	0.002	0.00008	marker_center_clear_or_partly_curve_overlapped
C2-free-SL0.3	169	272	262	CT	1415.168	611.345	0.517119	0.01048745	0.002	0.00008	marker_center_clear_or_partly_curve_overlapped
C2-free-SL0.3	169	272	262	CT	1444.343	652.223	0.531056	0.01016583	0.002	0.00008	marker_center_clear_or_partly_curve_overlapped
C2-free-SL0.3	169	272	262	CT	1490.466	708.552	0.553089	0.00972265	0.002	0.00008	marker_center_clear_or_partly_curve_overlapped
C2-free-SL0.3	169	272	262	CT	1512.323	748.934	0.563530	0.00940493	0.002	0.00008	marker_center_clear_or_partly_curve_overlapped
C2-free-SL0.3	169	272	262	CT	1561.268	797.249	0.586912	0.00902479	0.002	0.00008	marker_center_clear_or_partly_curve_overlapped
C2-free-SL0.3	169	272	262	CT	1576.334	808.984	0.594108	0.00893247	0.002	0.00008	marker_center_clear_or_partly_curve_overlapped
C2-free-SL0.3	169	272	262	CT	1611.996	869.189	0.611145	0.00845878	0.002	0.00008	marker_center_clear_or_partly_curve_overlapped
C2-free-SL0.3	169	272	262	CT	1653.702	892.450	0.631068	0.00827576	0.002	0.00008	marker_center_clear_or_partly_curve_overlapped
C2-free-SL0.3	169	272	262	CT	1701.494	947.221	0.653898	0.00784484	0.002	0.00008	marker_center_clear_or_partly_curve_overlapped
C2-free-SL0.3	169	272	262	CT	1721.409	952.281	0.663412	0.00780503	0.002	0.00008	marker_center_clear_or_partly_curve_overlapped
C2-free-SL0.3	169	272	262	CT	1798.322	973.957	0.700154	0.00763448	0.002	0.00008	marker_center_clear_or_partly_curve_overlapped
C2-free-SL0.3	169	272	262	CT	1799.981	1003.304	0.700946	0.00740358	0.002	0.00008	marker_center_clear_or_partly_curve_overlapped
C2-free-SL0.3	169	272	262	CT	1882.438	1039.764	0.740337	0.00711673	0.002	0.00008	marker_center_clear_or_partly_curve_overlapped
C2-free-SL0.3	169	272	262	CT	1965.984	1049.496	0.780247	0.00704016	0.002	0.00008	marker_center_clear_or_partly_curve_overlapped
C2-free-SL0.3	169	272	262	CT	1997.586	1078.756	0.795344	0.00680994	0.002	0.00008	marker_center_clear_or_partly_curve_overlapped
C2-free-SL0.3	169	272	262	CT	2115.124	1090.838	0.851493	0.00671489	0.002	0.00008	marker_center_clear_or_partly_curve_overlapped
C2-free-SL0.4	173	274	264	CT	988.549	1180.576	0.325856	0.00527033	0.002	0.00008	marker_center_clear_or_partly_curve_overlapped
C2-free-SL0.4	173	274	264	CT	991.445	1085.928	0.327234	0.00601795	0.002	0.00008	marker_center_clear_or_partly_curve_overlapped
C2-free-SL0.4	173	274	264	CT	1010.656	1174.612	0.336378	0.00531744	0.002	0.00008	marker_center_clear_or_partly_curve_overlapped
C2-free-SL0.4	173	274	264	CT	1023.784	1093.097	0.342626	0.00596132	0.002	0.00008	marker_center_clear_or_partly_curve_overlapped
C2-free-SL0.4	173	274	264	CT	1043.212	1188.738	0.351872	0.00520586	0.002	0.00008	marker_center_clear_or_partly_curve_overlapped
C2-free-SL0.4	173	274	264	CT	1044.146	1076.208	0.352317	0.00609473	0.002	0.00008	marker_center_clear_or_partly_curve_overlapped
C2-free-SL0.4	173	274	264	CT	1057.554	1150.595	0.358699	0.00550714	0.002	0.00008	marker_center_clear_or_partly_curve_overlapped
C2-free-SL0.4	173	274	264	CT	1069.660	1020.187	0.364460	0.00653723	0.002	0.00008	marker_center_clear_or_partly_curve_overlapped
C2-free-SL0.4	173	274	264	CT	1099.129	959.405	0.378485	0.00701734	0.002	0.00008	marker_center_clear_or_partly_curve_overlapped
C2-free-SL0.4	173	274	264	CT	1109.549	1094.126	0.383445	0.00595319	0.002	0.00008	marker_center_clear_or_partly_curve_overlapped
C2-free-SL0.4	173	274	264	CT	1114.255	878.635	0.385684	0.00765534	0.002	0.00008	marker_center_clear_or_partly_curve_overlapped
C2-free-SL0.4	173	274	264	CT	1139.697	768.521	0.397794	0.00852511	0.002	0.00008	marker_center_clear_or_partly_curve_overlapped
C2-free-SL0.4	173	274	264	CT	1161.246	735.343	0.408049	0.00878718	0.002	0.00008	marker_center_clear_or_partly_curve_overlapped
C2-free-SL0.4	173	274	264	CT	1161.756	700.413	0.408292	0.00906309	0.002	0.00008	marker_center_clear_or_partly_curve_overlapped
C2-free-SL0.4	173	274	264	CT	1207.182	615.992	0.429912	0.00972992	0.002	0.00008	marker_center_clear_or_partly_curve_overlapped
C2-free-SL0.4	173	274	264	CT	1219.774	617.867	0.435905	0.00971511	0.002	0.00008	marker_center_clear_or_partly_curve_overlapped
C2-free-SL0.4	173	274	264	CT	1235.196	556.562	0.443245	0.01019935	0.002	0.00008	marker_center_clear_or_partly_curve_overlapped
C2-free-SL0.4	173	274	264	CT	1256.946	577.332	0.453597	0.01003529	0.002	0.00008	marker_center_clear_or_partly_curve_overlapped
C2-free-SL0.4	173	274	264	CT	1268.414	535.895	0.459055	0.01036260	0.002	0.00008	marker_center_clear_or_partly_curve_overlapped
C2-free-SL0.4	173	274	264	CT	1277.903	569.130	0.463571	0.01010008	0.002	0.00008	marker_center_clear_or_partly_curve_overlapped
C2-free-SL0.4	173	274	264	CT	1302.475	544.168	0.475266	0.01029725	0.002	0.00008	marker_center_clear_or_partly_curve_overlapped
C2-free-SL0.4	173	274	264	CT	1328.127	584.060	0.487474	0.00998215	0.002	0.00008	marker_center_clear_or_partly_curve_overlapped
C2-free-SL0.4	173	274	264	CT	1350.230	569.464	0.497994	0.01009744	0.002	0.00008	marker_center_clear_or_partly_curve_overlapped
C2-free-SL0.4	173	274	264	CT	1441.793	649.259	0.541572	0.00946715	0.002	0.00008	marker_center_clear_or_partly_curve_overlapped
C2-free-SL0.4	173	274	264	CT	1463.970	686.961	0.552127	0.00916934	0.002	0.00008	marker_center_clear_or_partly_curve_overlapped
C2-free-SL0.4	173	274	264	CT	1509.969	715.856	0.574020	0.00894111	0.002	0.00008	marker_center_clear_or_partly_curve_overlapped
C2-free-SL0.4	173	274	264	CT	1539.015	758.796	0.587844	0.00860193	0.002	0.00008	marker_center_clear_or_partly_curve_overlapped
C2-free-SL0.4	173	274	264	CT	1577.677	778.064	0.606245	0.00844973	0.002	0.00008	marker_center_clear_or_partly_curve_overlapped
C2-free-SL0.4	173	274	264	CT	1625.791	809.312	0.629144	0.00820291	0.002	0.00008	marker_center_clear_or_partly_curve_overlapped
C2-free-SL0.4	173	274	264	CT	1648.129	828.941	0.639776	0.00804786	0.002	0.00008	marker_center_clear_or_partly_curve_overlapped
C2-free-SL0.4	173	274	264	CT	1709.417	867.779	0.668945	0.00774108	0.002	0.00008	marker_center_clear_or_partly_curve_overlapped
C2-free-SL0.4	173	274	264	CT	1723.937	873.355	0.675856	0.00769703	0.002	0.00008	marker_center_clear_or_partly_curve_overlapped
C2-free-SL0.4	173	274	264	CT	1786.518	903.202	0.705641	0.00746128	0.002	0.00008	marker_center_clear_or_partly_curve_overlapped
C2-free-SL0.4	173	274	264	CT	1810.611	912.644	0.717107	0.00738670	0.002	0.00008	marker_center_clear_or_partly_curve_overlapped
C2-free-SL0.4	173	274	264	CT	1859.006	931.695	0.740140	0.00723622	0.002	0.00008	marker_center_clear_or_partly_curve_overlapped
C2-free-SL0.4	173	274	264	CT	1905.560	930.375	0.762297	0.00724665	0.002	0.00008	marker_center_clear_or_partly_curve_overlapped
C2-free-SL0.4	173	274	264	CT	1967.868	987.267	0.791952	0.00679726	0.002	0.00008	marker_center_clear_or_partly_curve_overlapped
C2-free-SL0.4	173	274	264	CT	1993.115	974.231	0.803968	0.00690023	0.002	0.00008	marker_center_clear_or_partly_curve_overlapped
C2-free-SL0.4	173	274	264	CT	2074.575	986.888	0.842738	0.00680025	0.002	0.00008	marker_center_clear_or_partly_curve_overlapped
C2-free-SL0.4	173	274	264	CT	2140.966	1000.299	0.874336	0.00669432	0.002	0.00008	marker_center_clear_or_partly_curve_overlapped
C2-free-SL0.4	173	274	264	CT	2198.863	1018.746	0.901892	0.00654861	0.002	0.00008	marker_center_clear_or_partly_curve_overlapped
C2-free-SL0.4	173	274	264	CT	2210.880	1013.519	0.907611	0.00658990	0.002	0.00008	marker_center_clear_or_partly_curve_overlapped
C2-free-SL0.4	173	274	264	CT	2260.079	1035.001	0.931026	0.00642021	0.002	0.00008	marker_center_clear_or_partly_curve_overlapped
C2-free-SL0.4	173	274	264	CT	2282.280	1035.062	0.941593	0.00641973	0.002	0.00008	marker_center_clear_or_partly_curve_overlapped
C2-free-SL0.5	177	276	266	CT	887.907	1181.201	0.276716	0.00593637	0.002	0.00008	marker_center_clear_or_partly_curve_overlapped
C2-free-SL0.5	177	276	266	CT	916.827	1147.209	0.290494	0.00620338	0.002	0.00008	marker_center_clear_or_partly_curve_overlapped
C2-free-SL0.5	177	276	266	CT	932.343	1137.856	0.297887	0.00627686	0.002	0.00008	marker_center_clear_or_partly_curve_overlapped
C2-free-SL0.5	177	276	266	CT	957.955	1136.862	0.310090	0.00628466	0.002	0.00008	marker_center_clear_or_partly_curve_overlapped
C2-free-SL0.5	177	276	266	CT	986.174	1149.491	0.323534	0.00618546	0.002	0.00008	marker_center_clear_or_partly_curve_overlapped
C2-free-SL0.5	177	276	266	CT	1005.428	1149.633	0.332708	0.00618435	0.002	0.00008	marker_center_clear_or_partly_curve_overlapped
C2-free-SL0.5	177	276	266	CT	1020.460	1150.435	0.339870	0.00617804	0.002	0.00008	marker_center_clear_or_partly_curve_overlapped
C2-free-SL0.5	177	276	266	CT	1049.271	1118.694	0.353597	0.00642738	0.002	0.00008	marker_center_clear_or_partly_curve_overlapped
C2-free-SL0.5	177	276	266	CT	1075.202	1091.516	0.365951	0.00664088	0.002	0.00008	marker_center_clear_or_partly_curve_overlapped
C2-free-SL0.5	177	276	266	CT	1096.963	1026.026	0.376319	0.00715533	0.002	0.00008	marker_center_clear_or_partly_curve_overlapped
C2-free-SL0.5	177	276	266	CT	1140.828	915.518	0.397218	0.00802342	0.002	0.00008	marker_center_clear_or_partly_curve_overlapped
C2-free-SL0.5	177	276	266	CT	1161.748	876.125	0.407185	0.00833288	0.002	0.00008	marker_center_clear_or_partly_curve_overlapped
C2-free-SL0.5	177	276	266	CT	1166.516	850.773	0.409457	0.00853203	0.002	0.00008	marker_center_clear_or_partly_curve_overlapped
C2-free-SL0.5	177	276	266	CT	1213.794	773.905	0.431982	0.00913586	0.002	0.00008	marker_center_clear_or_partly_curve_overlapped
C2-free-SL0.5	177	276	266	CT	1234.032	735.101	0.441625	0.00944068	0.002	0.00008	marker_center_clear_or_partly_curve_overlapped
C2-free-SL0.5	177	276	266	CT	1269.401	708.886	0.458476	0.00964661	0.002	0.00008	marker_center_clear_or_partly_curve_overlapped
C2-free-SL0.5	177	276	266	CT	1279.663	734.296	0.463365	0.00944701	0.002	0.00008	marker_center_clear_or_partly_curve_overlapped
C2-free-SL0.5	177	276	266	CT	1303.542	710.656	0.474742	0.00963271	0.002	0.00008	marker_center_clear_or_partly_curve_overlapped
C2-free-SL0.5	177	276	266	CT	1343.777	720.885	0.493912	0.00955236	0.002	0.00008	marker_center_clear_or_partly_curve_overlapped
C2-free-SL0.5	177	276	266	CT	1365.776	692.230	0.504393	0.00977745	0.002	0.00008	marker_center_clear_or_partly_curve_overlapped
C2-free-SL0.5	177	276	266	CT	1393.465	740.059	0.517585	0.00940174	0.002	0.00008	marker_center_clear_or_partly_curve_overlapped
C2-free-SL0.5	177	276	266	CT	1444.998	777.590	0.542138	0.00910691	0.002	0.00008	marker_center_clear_or_partly_curve_overlapped
C2-free-SL0.5	177	276	266	CT	1470.698	811.403	0.554382	0.00884129	0.002	0.00008	marker_center_clear_or_partly_curve_overlapped
C2-free-SL0.5	177	276	266	CT	1512.285	829.990	0.574196	0.00869529	0.002	0.00008	marker_center_clear_or_partly_curve_overlapped
C2-free-SL0.5	177	276	266	CT	1581.303	881.894	0.607079	0.00828756	0.002	0.00008	marker_center_clear_or_partly_curve_overlapped
C2-free-SL0.5	177	276	266	CT	1628.737	918.573	0.629679	0.00799942	0.002	0.00008	marker_center_clear_or_partly_curve_overlapped
C2-free-SL0.5	177	276	266	CT	1651.542	921.824	0.640544	0.00797389	0.002	0.00008	marker_center_clear_or_partly_curve_overlapped
C2-free-SL0.5	177	276	266	CT	1711.777	958.988	0.669243	0.00768194	0.002	0.00008	marker_center_clear_or_partly_curve_overlapped
C2-free-SL0.5	177	276	266	CT	1742.278	970.225	0.683774	0.00759368	0.002	0.00008	marker_center_clear_or_partly_curve_overlapped
C2-free-SL0.5	177	276	266	CT	1779.413	1013.037	0.701467	0.00725737	0.002	0.00008	marker_center_clear_or_partly_curve_overlapped
C2-free-SL0.5	177	276	266	CT	1792.690	984.750	0.707793	0.00747958	0.002	0.00008	marker_center_clear_or_partly_curve_overlapped
C2-free-SL0.5	177	276	266	CT	1856.911	1014.699	0.738391	0.00724431	0.002	0.00008	marker_center_clear_or_partly_curve_overlapped
C2-free-SL0.5	177	276	266	CT	1857.686	1049.010	0.738760	0.00697478	0.002	0.00008	marker_center_clear_or_partly_curve_overlapped
C2-free-SL0.5	177	276	266	CT	1962.360	1051.299	0.788631	0.00695680	0.002	0.00008	marker_center_clear_or_partly_curve_overlapped
C2-free-SL0.5	177	276	266	CT	1974.023	1080.387	0.794188	0.00672830	0.002	0.00008	marker_center_clear_or_partly_curve_overlapped
C2-free-SL0.5	177	276	266	CT	2048.371	1059.596	0.829610	0.00689163	0.002	0.00008	marker_center_clear_or_partly_curve_overlapped
C2-free-SL0.5	177	276	266	CT	2100.027	1087.007	0.854221	0.00667630	0.002	0.00008	marker_center_clear_or_partly_curve_overlapped
C2-free-SL0.5	177	276	266	CT	2118.744	1080.342	0.863139	0.00672865	0.002	0.00008	marker_center_clear_or_partly_curve_overlapped
C2-free-SL0.5	177	276	266	CT	2207.650	1121.123	0.905498	0.00640830	0.002	0.00008	marker_center_clear_or_partly_curve_overlapped
C2-free-SL0.5	177	276	266	CT	2231.709	1099.365	0.916961	0.00657922	0.002	0.00008	marker_center_clear_or_partly_curve_overlapped
